product_id,store,machine_id,preproduction_start,preproduction_end,assembly_start,assembly_end,qa_start,qa_end,error,shipping_start,shipping_end
55,East,1,2023-04-28 09:27:00,2023-05-01 21:42:38,2023-05-05 12:38:56,2023-05-11 12:36:45,2023-05-15 01:43:09,2023-05-18 18:40:03,False,2023-05-23 07:46:52,2023-06-05 04:15:42
57,East,2,2023-06-16 12:29:00,2023-06-17 21:09:14,2023-06-21 18:01:36,2023-06-30 17:11:03,2023-07-02 17:30:50,2023-07-04 07:29:37,False,2023-07-05 08:10:18,2023-07-13 15:07:13
70,East,2,2023-03-09 16:41:00,2023-03-12 07:27:49,2023-03-15 13:17:05,2023-03-16 20:46:44,2023-03-23 17:21:05,2023-03-26 22:20:57,False,2023-04-01 16:35:16,2023-04-11 14:34:27
69,North,2,2022-10-11 09:22:00,2022-10-13 22:27:19,2022-10-15 02:14:10,2022-10-21 06:47:48,2022-10-28 03:49:48,2022-10-29 04:33:32,False,2022-10-31 15:21:19,2022-11-04 13:41:53
7,East,2,2022-07-22 08:45:00,2022-07-23 16:50:29,2022-07-25 16:16:36,2022-07-29 17:16:46,2022-07-31 05:08:04,2022-08-03 00:29:04,False,2022-08-04 23:36:29,2022-08-06 15:54:45
26,South,1,2022-10-21 10:22:00,2022-10-24 03:42:02,2022-10-26 18:02:06,2022-10-31 11:44:07,2022-11-01 17:05:00,2022-11-03 13:08:53,False,2022-11-07 13:51:59,2022-11-17 06:41:54
87,West,3,2023-04-03 16:56:00,2023-04-04 23:48:25,2023-04-08 21:49:22,2023-04-12 15:45:50,2023-04-17 23:16:11,2023-04-19 08:30:30,False,2023-04-21 13:18:04,2023-04-30 02:05:47
4,East,2,2022-11-10 14:34:00,2022-11-11 23:28:08,2022-11-13 03:16:38,2022-11-18 13:01:57,2022-11-21 21:49:45,2022-11-23 05:05:55,False,2022-11-24 07:09:07,2022-12-05 02:31:29
52,North,3,2022-10-18 12:34:00,2022-10-21 04:28:10,2022-10-23 00:34:25,2022-10-28 07:34:09,2022-10-30 12:09:00,2022-11-02 19:33:10,False,2022-11-06 16:14:07,2022-11-14 19:51:02
59,West,3,2023-01-09 16:23:00,2023-01-11 03:51:15,2023-01-14 18:56:35,2023-01-19 17:48:27,2023-01-21 13:32:37,2023-01-23 09:05:29,False,2023-01-25 19:50:29,2023-01-29 05:22:18
13,West,3,2022-09-27 10:13:00,2022-09-28 17:52:53,2022-09-29 17:55:50,2022-10-03 16:39:09,2022-10-06 13:11:21,2022-10-10 07:32:34,False,2022-10-16 18:20:27,2022-10-19 00:45:30
94,North,3,2022-12-07 14:11:00,2022-12-09 05:53:40,2022-12-11 06:11:05,2022-12-17 17:34:21,2022-12-20 05:29:38,2022-12-21 16:37:44,False,2022-12-24 05:36:15,2023-01-05 05:09:59
90,North,2,2023-07-20 15:47:00,2023-07-21 21:32:27,2023-07-24 12:08:09,2023-07-30 10:15:57,2023-08-06 11:28:35,2023-08-09 22:26:59,False,2023-08-11 00:47:16,2023-08-17 11:38:44
99,West,1,2023-05-08 11:31:00,2023-05-10 14:08:26,2023-05-13 15:23:03,2023-05-16 16:03:34,2023-05-21 07:32:35,2023-05-23 15:40:05,False,2023-05-25 01:22:17,2023-06-06 10:16:21
80,East,1,2023-05-12 10:30:00,2023-05-15 21:03:45,2023-05-16 21:15:15,2023-05-22 01:38:47,2023-05-28 07:40:53,2023-05-30 13:35:39,False,2023-06-01 18:30:19,2023-06-18 11:26:42
16,East,2,2022-12-09 08:10:00,2022-12-11 21:03:59,2022-12-15 05:56:31,2022-12-20 06:54:30,2022-12-23 22:10:52,2022-12-27 10:37:14,False,2022-12-30 07:53:48,2023-01-10 02:09:43
47,East,3,2022-09-28 15:54:00,2022-09-30 16:13:28,2022-10-02 03:32:44,2022-10-04 21:38:43,2022-10-09 08:33:37,2022-10-11 17:05:27,False,2022-10-18 13:42:17,2022-10-28 17:17:56
22,South,1,2022-08-29 13:03:00,2022-08-31 02:18:29,2022-09-01 14:55:55,2022-09-05 00:33:42,2022-09-09 12:05:58,2022-09-11 19:44:51,False,2022-09-16 03:46:16,2022-09-28 07:04:36
46,East,2,2022-12-07 09:17:00,2022-12-10 02:09:38,2022-12-12 02:38:57,2022-12-15 11:59:14,2022-12-20 04:35:53,2022-12-22 21:10:29,False,2022-12-27 18:27:37,2023-01-14 12:05:39
38,East,3,2022-09-05 16:14:00,2022-09-08 06:45:23,2022-09-09 09:03:39,2022-09-15 04:38:21,2022-09-19 07:24:53,2022-09-21 21:32:24,False,2022-09-26 13:57:50,2022-10-10 02:56:35
33,West,2,2023-04-02 13:43:00,2023-04-04 14:31:22,2023-04-05 21:20:21,2023-04-10 02:29:51,2023-04-12 13:04:14,2023-04-16 03:32:34,False,2023-04-20 23:21:19,2023-05-02 05:46:22
68,North,1,2023-05-04 10:03:00,2023-05-07 03:08:35,2023-05-09 04:55:49,2023-05-11 15:51:41,2023-05-14 09:32:02,2023-05-15 15:07:22,False,2023-05-21 11:17:34,2023-06-03 14:51:19
81,North,3,2022-12-12 14:16:00,2022-12-14 19:51:12,2022-12-15 23:38:27,2022-12-19 06:48:17,2022-12-20 14:43:13,2022-12-22 15:44:37,False,2022-12-28 08:08:39,2022-12-31 04:29:10
26,North,1,2023-01-20 09:19:00,2023-01-23 15:56:20,2023-01-25 22:15:13,2023-01-28 23:38:20,2023-02-01 07:53:32,2023-02-05 04:10:55,False,2023-02-11 12:25:54,2023-02-17 20:07:24
20,East,2,2022-09-13 11:27:00,2022-09-14 12:23:17,2022-09-17 13:59:18,2022-09-21 00:55:14,2022-09-28 13:40:49,2022-09-30 09:58:11,False,2022-10-04 22:14:15,2022-10-17 23:22:16
67,West,2,2023-03-07 08:19:00,2023-03-11 07:59:29,2023-03-14 13:50:10,2023-03-16 11:49:14,2023-03-20 14:23:03,2023-03-22 19:13:13,False,2023-03-27 05:49:21,2023-03-30 09:20:33
48,East,3,2023-02-16 11:23:00,2023-02-20 01:11:43,2023-02-22 14:26:37,2023-02-26 08:47:34,2023-03-04 07:54:03,2023-03-05 14:53:29,False,2023-03-12 23:15:01,2023-03-20 04:37:32
31,North,1,2022-09-14 08:42:00,2022-09-17 04:26:36,2022-09-18 07:47:29,2022-09-20 19:25:15,2022-09-28 00:09:32,2022-09-30 11:54:39,False,2022-10-05 06:25:44,2022-10-07 20:46:36
96,South,2,2022-10-18 12:27:00,2022-10-20 18:39:40,2022-10-23 22:06:48,2022-10-31 06:43:43,2022-11-04 06:18:28,2022-11-06 00:06:08,False,2022-11-09 06:37:54,2022-11-16 04:02:59
47,East,3,2023-02-09 14:34:00,2023-02-13 13:27:04,2023-02-14 23:27:15,2023-02-22 17:11:54,2023-02-27 12:21:53,2023-03-02 02:32:48,False,2023-03-06 21:00:50,2023-03-08 08:58:38
57,South,2,2023-07-14 15:07:00,2023-07-18 01:11:32,2023-07-20 18:37:19,2023-07-24 03:25:24,2023-07-27 00:02:09,2023-07-30 00:58:35,False,2023-08-06 15:40:09,2023-08-11 08:42:55
27,West,1,2023-05-18 15:33:00,2023-05-21 08:37:37,2023-05-24 09:41:01,2023-05-29 04:10:53,2023-06-05 05:10:17,2023-06-07 19:41:13,False,2023-06-13 13:25:12,2023-06-19 20:03:07
49,South,2,2023-01-15 08:12:00,2023-01-17 05:22:01,2023-01-18 21:43:15,2023-01-25 15:01:41,2023-01-31 07:12:06,2023-02-03 07:43:55,False,2023-02-05 08:28:05,2023-02-15 19:00:10
31,North,1,2023-06-18 14:43:00,2023-06-20 10:57:07,2023-06-24 01:31:37,2023-07-01 07:29:01,2023-07-06 21:37:21,2023-07-09 17:39:31,False,2023-07-16 21:56:54,2023-08-01 11:39:23
94,East,3,2023-05-22 10:49:00,2023-05-23 11:33:33,2023-05-25 21:20:43,2023-06-02 03:00:55,2023-06-08 10:02:43,2023-06-12 02:33:09,False,2023-06-16 01:14:58,2023-07-01 20:16:54
66,North,3,2022-10-12 11:19:00,2022-10-16 06:20:04,2022-10-17 21:16:23,2022-10-21 18:15:24,2022-10-28 04:48:29,2022-10-30 08:53:39,False,2022-11-06 13:39:45,2022-11-09 21:31:49
16,North,2,2023-05-25 13:31:00,2023-05-28 17:44:50,2023-05-31 12:10:38,2023-06-06 16:34:26,2023-06-12 13:36:59,2023-06-15 22:36:44,False,2023-06-20 17:13:26,2023-07-07 00:11:45
91,South,2,2023-02-03 11:48:00,2023-02-05 21:31:24,2023-02-08 17:35:28,2023-02-16 18:19:47,2023-02-20 21:49:50,2023-02-23 08:07:11,False,2023-02-28 13:26:11,2023-03-02 23:21:03
65,West,1,2023-06-08 09:46:00,2023-06-11 06:22:51,2023-06-14 06:53:28,2023-06-15 18:57:32,2023-06-22 18:12:47,2023-06-25 20:14:39,False,2023-07-01 18:55:29,2023-07-05 17:08:50
19,West,2,2022-07-28 09:27:00,2022-07-31 10:23:57,2022-08-04 06:22:14,2022-08-11 03:07:32,2022-08-15 11:45:34,2022-08-17 08:45:57,False,2022-08-21 11:54:34,2022-08-28 03:39:35
85,West,1,2023-05-23 12:47:00,2023-05-25 02:51:22,2023-05-26 12:27:00,2023-06-02 02:56:26,2023-06-03 17:22:03,2023-06-05 21:35:52,False,2023-06-07 00:06:45,2023-06-11 11:47:45
30,South,1,2023-04-03 11:53:00,2023-04-05 05:12:45,2023-04-07 01:50:47,2023-04-12 12:48:25,2023-04-14 12:34:40,2023-04-17 06:36:16,False,2023-04-24 18:40:32,2023-04-29 07:04:19
39,North,1,2022-09-25 15:16:00,2022-09-28 20:38:13,2022-10-02 13:51:07,2022-10-04 20:22:53,2022-10-11 09:35:20,2022-10-12 19:22:22,False,2022-10-20 14:05:43,2022-10-22 01:52:13
2,West,1,2022-10-01 13:57:00,2022-10-03 09:45:09,2022-10-06 10:31:56,2022-10-12 18:04:40,2022-10-18 16:14:31,2022-10-20 06:32:53,False,2022-10-23 04:21:53,2022-10-28 09:03:18
33,West,2,2022-08-20 08:34:00,2022-08-22 03:14:38,2022-08-23 23:34:56,2022-08-29 16:47:14,2022-08-31 12:45:46,2022-09-04 10:44:21,False,2022-09-11 00:21:27,2022-09-17 08:12:44
2,South,1,2023-02-21 11:42:00,2023-02-24 14:57:54,2023-02-25 19:56:29,2023-03-04 17:06:41,2023-03-11 17:08:46,2023-03-14 15:23:18,False,2023-03-20 01:42:58,2023-03-31 19:02:50
75,East,3,2023-05-03 12:27:00,2023-05-05 16:27:26,2023-05-09 09:01:57,2023-05-14 19:58:22,2023-05-16 22:11:01,2023-05-19 04:16:55,False,2023-05-24 10:11:02,2023-05-26 21:03:36
46,North,2,2023-03-03 11:14:00,2023-03-05 09:44:40,2023-03-08 05:48:54,2023-03-12 09:56:59,2023-03-18 11:25:03,2023-03-19 14:46:14,False,2023-03-26 06:42:45,2023-04-12 06:15:40
98,East,1,2023-01-08 08:37:00,2023-01-10 03:12:51,2023-01-11 21:07:15,2023-01-19 10:36:42,2023-01-25 15:08:53,2023-01-27 04:30:07,False,2023-01-29 06:51:30,2023-01-31 18:07:19
13,South,3,2023-04-10 15:58:00,2023-04-14 09:12:07,2023-04-18 01:41:51,2023-04-25 13:52:03,2023-04-30 09:42:54,2023-05-03 11:38:06,False,2023-05-09 12:03:10,2023-05-11 18:43:36
18,East,1,2022-11-15 15:08:00,2022-11-17 18:09:50,2022-11-21 09:29:08,2022-11-26 20:22:49,2022-12-04 02:54:39,2022-12-06 05:27:23,False,2022-12-10 12:44:41,2022-12-16 11:37:10
72,East,3,2022-10-18 12:30:00,2022-10-20 14:39:21,2022-10-22 15:33:17,2022-10-24 01:29:14,2022-10-29 21:42:58,2022-11-02 20:11:12,False,2022-11-05 08:24:47,2022-11-13 12:21:02
32,West,3,2022-08-09 15:37:00,2022-08-12 20:05:07,2022-08-15 19:58:14,2022-08-20 16:56:37,2022-08-24 19:19:01,2022-08-27 08:32:13,False,2022-09-02 02:39:19,2022-09-08 10:08:40
55,East,1,2022-08-05 15:09:00,2022-08-09 05:49:57,2022-08-12 22:17:26,2022-08-20 19:44:16,2022-08-23 08:13:42,2022-08-25 22:45:15,False,2022-08-28 22:25:27,2022-08-31 15:56:51
62,South,1,2022-10-28 15:50:00,2022-10-31 22:00:38,2022-11-03 16:40:00,2022-11-05 01:14:08,2022-11-11 21:29:33,2022-11-15 09:02:46,False,2022-11-19 05:23:48,2022-12-03 02:52:28
15,East,1,2022-09-22 12:12:00,2022-09-25 15:36:51,2022-09-27 01:57:51,2022-09-30 11:45:30,2022-10-02 12:03:07,2022-10-05 11:42:53,False,2022-10-09 13:53:13,2022-10-14 08:23:04
77,North,2,2022-12-22 09:46:00,2022-12-25 09:20:50,2022-12-28 23:52:50,2023-01-05 18:19:18,2023-01-13 03:13:50,2023-01-16 00:57:01,False,2023-01-20 18:06:29,2023-01-31 07:11:23
47,North,3,2023-02-11 09:15:00,2023-02-13 10:08:00,2023-02-16 11:24:32,2023-02-18 09:55:20,2023-02-24 05:23:52,2023-02-27 00:05:37,False,2023-03-06 07:13:28,2023-03-17 19:55:43
71,West,2,2022-10-23 14:21:00,2022-10-25 19:48:54,2022-10-29 00:33:14,2022-11-02 01:52:54,2022-11-09 19:51:28,2022-11-11 20:31:58,False,2022-11-19 08:22:35,2022-12-03 03:44:11
18,East,1,2023-02-28 10:07:00,2023-03-03 03:55:09,2023-03-04 23:44:55,2023-03-11 05:35:45,2023-03-18 18:24:43,2023-03-20 22:44:43,False,2023-03-25 17:52:22,2023-03-31 12:34:18
27,East,1,2022-09-12 11:53:00,2022-09-15 15:15:02,2022-09-16 18:38:35,2022-09-18 22:54:29,2022-09-24 19:53:05,2022-09-26 13:18:30,False,2022-10-01 15:06:10,2022-10-10 14:39:19
77,South,2,2023-05-13 14:40:00,2023-05-15 00:52:29,2023-05-18 11:47:11,2023-05-24 04:13:36,2023-05-25 08:13:25,2023-05-26 09:40:23,False,2023-06-02 15:09:59,2023-06-14 04:47:57
88,North,2,2022-12-19 08:22:00,2022-12-23 00:36:15,2022-12-25 08:43:51,2022-12-26 19:29:47,2022-12-30 07:27:08,2023-01-01 02:50:41,False,2023-01-04 12:18:37,2023-01-22 21:39:53
17,North,2,2022-08-22 09:26:00,2022-08-24 01:33:23,2022-08-26 03:32:43,2022-09-02 05:20:51,2022-09-08 12:59:24,2022-09-11 21:51:34,False,2022-09-15 01:25:02,2022-09-26 21:13:42
59,West,3,2022-12-10 12:35:00,2022-12-13 20:02:22,2022-12-15 18:53:04,2022-12-23 02:17:52,2022-12-24 20:51:41,2022-12-28 16:19:30,False,2023-01-02 19:26:31,2023-01-07 11:03:57
86,North,2,2022-09-02 11:54:00,2022-09-03 15:46:33,2022-09-07 12:43:27,2022-09-09 15:21:46,2022-09-10 18:51:23,2022-09-14 07:47:02,False,2022-09-17 01:14:33,2022-09-19 01:08:07
8,West,2,2022-09-07 11:11:00,2022-09-09 22:00:19,2022-09-13 21:08:07,2022-09-16 19:08:44,2022-09-21 19:59:00,2022-09-25 13:53:11,False,2022-09-26 16:49:41,2022-10-06 06:26:06
91,South,2,2023-04-06 11:51:00,2023-04-09 02:46:23,2023-04-11 03:05:19,2023-04-17 23:46:18,2023-04-24 02:24:31,2023-04-25 18:47:07,False,2023-04-28 20:20:07,2023-04-30 05:20:21
21,West,1,2023-06-03 13:57:00,2023-06-06 12:54:26,2023-06-08 12:51:43,2023-06-13 08:26:18,2023-06-14 23:02:40,2023-06-18 02:06:13,False,2023-06-23 08:04:53,2023-07-03 18:51:54
57,West,2,2023-06-14 09:56:00,2023-06-16 00:54:58,2023-06-19 11:48:38,2023-06-23 16:35:57,2023-06-25 17:45:52,2023-06-28 11:42:15,False,2023-07-02 15:06:13,2023-07-06 04:15:37
60,South,1,2023-06-16 13:07:00,2023-06-17 18:52:17,2023-06-21 12:41:32,2023-06-28 09:07:39,2023-07-02 13:37:18,2023-07-06 12:11:32,False,2023-07-14 03:14:06,2023-07-25 01:45:32
14,East,2,2022-12-28 16:15:00,2022-12-29 18:33:41,2023-01-01 14:53:20,2023-01-07 14:40:06,2023-01-12 16:06:18,2023-01-14 20:39:01,False,2023-01-19 11:18:21,2023-01-25 20:35:25
88,West,2,2023-03-20 16:42:00,2023-03-23 09:40:25,2023-03-26 09:16:15,2023-04-01 07:31:54,2023-04-04 08:35:33,2023-04-05 13:10:18,False,2023-04-09 00:30:19,2023-04-15 07:01:23
37,West,1,2022-11-15 08:46:00,2022-11-17 04:32:34,2022-11-19 22:38:12,2022-11-26 14:46:11,2022-11-29 18:26:16,2022-12-03 13:48:39,False,2022-12-11 10:03:12,2022-12-14 16:32:52
12,East,3,2023-05-10 13:20:00,2023-05-11 23:40:51,2023-05-15 20:24:39,2023-05-18 10:23:31,2023-05-25 21:55:59,2023-05-29 00:20:54,False,2023-06-04 15:40:34,2023-06-13 16:15:17
97,West,2,2023-05-05 12:01:00,2023-05-09 10:08:31,2023-05-10 11:50:30,2023-05-17 04:35:07,2023-05-24 23:24:41,2023-05-27 22:42:40,False,2023-05-29 17:05:46,2023-06-07 12:46:09
17,East,2,2023-01-11 14:21:00,2023-01-15 09:39:27,2023-01-19 09:20:27,2023-01-20 11:47:05,2023-01-21 22:41:57,2023-01-25 20:32:56,False,2023-01-26 22:31:42,2023-02-03 07:30:50
24,North,1,2022-10-07 10:28:00,2022-10-10 23:06:08,2022-10-13 17:02:37,2022-10-16 06:07:28,2022-10-21 20:20:45,2022-10-23 19:05:32,False,2022-10-30 06:53:14,2022-11-07 16:00:17
85,South,1,2022-10-16 13:49:00,2022-10-20 09:33:04,2022-10-23 18:03:20,2022-10-26 07:15:13,2022-10-29 23:26:34,2022-11-01 18:16:05,False,2022-11-04 20:05:56,2022-11-15 10:03:35
78,South,3,2022-11-16 09:58:00,2022-11-17 19:53:23,2022-11-21 18:01:50,2022-11-23 03:15:00,2022-11-24 07:14:09,2022-11-28 00:33:26,False,2022-12-04 12:44:32,2022-12-18 23:47:28
22,West,1,2023-01-12 12:11:00,2023-01-14 13:35:24,2023-01-18 09:40:35,2023-01-22 23:28:31,2023-01-30 10:35:50,2023-02-01 12:49:57,False,2023-02-05 02:47:50,2023-02-09 01:22:38
85,South,1,2022-12-14 11:23:00,2022-12-16 17:42:17,2022-12-17 22:48:55,2022-12-22 17:23:11,2022-12-25 18:38:35,2022-12-29 11:59:48,False,2023-01-02 20:25:53,2023-01-11 05:22:30
13,South,3,2023-06-25 15:02:00,2023-06-29 01:43:12,2023-06-30 02:26:03,2023-07-04 05:24:36,2023-07-12 04:14:56,2023-07-14 14:05:03,False,2023-07-15 19:58:38,2023-07-27 08:41:44
58,West,3,2022-12-07 16:07:00,2022-12-11 14:50:37,2022-12-13 06:06:01,2022-12-18 06:49:21,2022-12-23 03:53:44,2022-12-25 09:50:26,False,2022-12-31 21:23:53,2023-01-12 04:46:33
39,West,1,2023-05-30 15:56:00,2023-06-01 05:53:17,2023-06-02 20:52:48,2023-06-10 14:46:17,2023-06-16 10:07:59,2023-06-17 16:46:24,False,2023-06-20 12:14:20,2023-06-30 00:03:01
80,North,1,2022-09-11 11:38:00,2022-09-14 13:37:00,2022-09-16 10:50:40,2022-09-18 12:14:46,2022-09-23 02:57:29,2022-09-26 08:56:54,False,2022-09-29 17:40:09,2022-10-03 14:47:25
14,East,2,2023-02-23 15:29:00,2023-02-26 14:39:32,2023-02-28 05:43:53,2023-03-03 10:40:03,2023-03-10 12:40:27,2023-03-12 05:39:36,False,2023-03-14 22:04:16,2023-03-16 10:05:28
21,East,1,2022-10-04 14:00:00,2022-10-05 23:37:06,2022-10-08 02:15:31,2022-10-10 06:44:37,2022-10-13 11:54:53,2022-10-16 11:32:19,False,2022-10-23 03:58:21,2022-11-02 21:00:06
92,South,3,2023-03-24 11:24:00,2023-03-28 04:49:54,2023-03-31 04:23:16,2023-04-04 21:01:21,2023-04-09 22:55:16,2023-04-13 18:37:33,False,2023-04-17 14:22:11,2023-04-21 15:14:23
56,North,3,2023-05-21 16:48:00,2023-05-23 22:53:48,2023-05-25 14:37:13,2023-05-31 18:18:21,2023-06-03 20:55:18,2023-06-04 23:52:44,False,2023-06-11 20:55:03,2023-06-22 03:11:05
59,North,3,2023-04-11 15:29:00,2023-04-15 15:27:39,2023-04-19 08:38:05,2023-04-26 03:20:09,2023-04-30 01:13:33,2023-05-03 06:42:31,False,2023-05-06 04:16:38,2023-05-15 06:51:28
91,East,2,2022-08-31 16:40:00,2022-09-02 05:39:18,2022-09-05 05:17:14,2022-09-11 06:29:26,2022-09-15 04:21:01,2022-09-18 19:04:26,True,,
51,South,2,2023-03-23 09:57:00,2023-03-25 21:11:33,2023-03-29 01:59:03,2023-04-02 14:17:01,2023-04-05 13:12:57,2023-04-08 07:57:43,False,2023-04-15 03:01:31,2023-04-20 08:42:41
95,West,3,2022-11-12 10:55:00,2022-11-13 19:04:16,2022-11-15 18:55:51,2022-11-19 21:03:42,2022-11-26 10:48:03,2022-11-29 12:59:59,False,2022-12-05 02:25:10,2022-12-07 20:52:09
35,North,1,2023-02-17 16:17:00,2023-02-21 11:19:28,2023-02-25 02:35:02,2023-03-01 16:38:18,2023-03-02 19:23:16,2023-03-05 09:54:00,False,2023-03-12 03:03:18,2023-03-27 05:18:32
52,West,3,2023-05-03 12:58:00,2023-05-06 21:37:34,2023-05-08 23:11:57,2023-05-15 01:58:44,2023-05-17 00:24:23,2023-05-19 05:44:13,False,2023-05-22 22:20:37,2023-06-03 16:19:59
3,South,2,2022-09-03 09:18:00,2022-09-06 21:32:06,2022-09-09 08:48:29,2022-09-12 15:39:03,2022-09-16 03:51:57,2022-09-19 08:27:45,False,2022-09-26 06:10:56,2022-10-06 10:52:22
15,East,1,2023-07-02 16:54:00,2023-07-04 14:16:29,2023-07-05 21:19:14,2023-07-12 09:52:06,2023-07-14 05:42:28,2023-07-16 21:12:54,False,2023-07-20 12:08:22,2023-07-28 14:48:56
41,North,1,2022-09-01 12:24:00,2022-09-03 20:25:57,2022-09-06 00:52:12,2022-09-12 15:51:49,2022-09-14 05:42:29,2022-09-16 17:27:47,False,2022-09-22 12:54:57,2022-10-05 08:37:21
63,West,3,2023-04-29 09:03:00,2023-05-03 02:03:27,2023-05-06 12:08:47,2023-05-13 03:46:58,2023-05-19 16:32:29,2023-05-22 03:40:18,False,2023-05-25 09:47:22,2023-05-29 20:55:53
56,East,3,2022-10-13 11:19:00,2022-10-17 07:24:22,2022-10-19 10:41:33,2022-10-21 16:16:25,2022-10-27 13:21:27,2022-10-30 16:02:39,False,2022-11-03 18:41:14,2022-11-11 12:58:10
89,West,2,2023-06-23 08:14:00,2023-06-26 11:01:04,2023-06-28 17:56:46,2023-06-30 20:53:27,2023-07-08 02:19:19,2023-07-10 02:25:35,False,2023-07-13 16:45:08,2023-07-21 04:19:28
43,East,3,2022-09-21 10:11:00,2022-09-22 13:35:17,2022-09-26 08:38:59,2022-10-01 11:44:17,2022-10-02 15:14:39,2022-10-03 22:42:18,False,2022-10-10 00:11:27,2022-10-11 14:01:40
44,South,3,2023-04-07 09:37:00,2023-04-10 11:29:14,2023-04-11 23:56:06,2023-04-13 22:25:36,2023-04-18 02:39:53,2023-04-19 12:48:08,False,2023-04-26 03:02:21,2023-04-29 01:15:35
99,South,1,2023-06-05 10:58:00,2023-06-07 18:16:17,2023-06-10 04:00:02,2023-06-12 16:44:10,2023-06-17 16:50:30,2023-06-21 04:30:08,False,2023-06-25 17:41:16,2023-07-10 10:35:06
31,East,1,2023-02-19 14:56:00,2023-02-21 13:14:46,2023-02-23 17:40:13,2023-02-26 19:35:23,2023-03-05 02:31:39,2023-03-07 19:02:40,False,2023-03-10 10:46:50,2023-03-20 01:36:18
84,East,3,2023-06-08 09:45:00,2023-06-09 10:28:18,2023-06-13 00:08:33,2023-06-14 22:04:45,2023-06-20 07:23:36,2023-06-21 12:08:20,False,2023-06-26 18:50:12,2023-06-29 19:00:57
92,East,3,2023-03-29 09:18:00,2023-04-02 08:27:42,2023-04-06 04:22:33,2023-04-08 16:00:34,2023-04-13 20:52:13,2023-04-15 19:05:41,False,2023-04-23 15:23:11,2023-04-29 09:14:10
94,East,3,2022-10-08 15:47:00,2022-10-10 00:34:24,2022-10-11 15:22:54,2022-10-19 05:36:08,2022-10-23 10:25:03,2022-10-25 03:15:31,False,2022-10-30 12:15:31,2022-11-14 05:04:24
70,North,2,2023-01-01 14:10:00,2023-01-05 11:55:05,2023-01-07 13:18:26,2023-01-10 16:17:34,2023-01-18 15:05:15,2023-01-21 21:31:31,False,2023-01-27 23:17:56,2023-02-06 23:05:18
98,East,1,2023-05-12 10:14:00,2023-05-13 17:18:32,2023-05-15 06:18:17,2023-05-19 12:15:58,2023-05-23 21:40:14,2023-05-25 18:53:23,False,2023-05-29 21:14:41,2023-06-12 04:03:35
94,South,3,2022-10-28 16:39:00,2022-10-30 01:19:28,2022-11-02 23:07:59,2022-11-05 13:27:13,2022-11-10 19:02:07,2022-11-13 02:50:56,False,2022-11-17 00:44:34,2022-11-21 07:53:24
31,North,1,2022-08-19 12:25:00,2022-08-21 07:00:01,2022-08-25 00:04:05,2022-08-28 14:50:29,2022-09-02 16:59:38,2022-09-04 15:39:14,False,2022-09-12 09:08:35,2022-09-24 20:29:05
93,West,3,2022-11-12 13:09:00,2022-11-16 10:49:07,2022-11-17 14:29:05,2022-11-19 14:37:20,2022-11-23 09:18:30,2022-11-26 07:24:10,False,2022-11-29 17:57:37,2022-12-12 16:28:47
100,East,1,2023-04-22 08:13:00,2023-04-24 06:38:38,2023-04-27 08:21:14,2023-05-04 06:54:24,2023-05-06 06:04:40,2023-05-07 23:16:38,False,2023-05-10 12:04:24,2023-05-26 07:23:14
83,East,1,2023-06-29 09:41:00,2023-07-01 04:32:57,2023-07-03 17:04:32,2023-07-09 09:40:34,2023-07-10 12:38:34,2023-07-14 01:27:41,False,2023-07-16 13:48:47,2023-07-19 18:48:41
38,North,3,2022-11-24 15:50:00,2022-11-26 16:10:31,2022-11-28 16:56:11,2022-12-03 02:04:36,2022-12-05 11:53:03,2022-12-07 12:04:02,False,2022-12-12 06:03:41,2022-12-23 15:23:46
66,South,3,2022-08-19 09:10:00,2022-08-21 10:46:04,2022-08-23 15:23:51,2022-08-25 12:13:44,2022-08-26 21:00:19,2022-08-30 03:11:52,False,2022-09-01 11:54:05,2022-09-04 21:05:12
12,West,3,2022-12-07 15:06:00,2022-12-09 06:47:45,2022-12-11 13:52:24,2022-12-16 06:39:14,2022-12-20 23:19:17,2022-12-24 03:11:55,False,2022-12-25 08:07:18,2023-01-06 05:06:23
88,South,2,2023-04-04 13:56:00,2023-04-08 02:35:30,2023-04-09 07:37:48,2023-04-11 19:26:19,2023-04-16 21:04:03,2023-04-19 08:13:06,False,2023-04-26 09:55:34,2023-05-04 11:38:56
11,South,1,2023-03-04 12:53:00,2023-03-06 09:44:36,2023-03-07 11:18:47,2023-03-10 14:18:58,2023-03-12 16:00:51,2023-03-15 16:03:40,False,2023-03-17 23:01:52,2023-03-21 22:15:33
82,West,3,2023-06-25 12:29:00,2023-06-28 20:53:03,2023-07-02 10:49:06,2023-07-09 00:56:19,2023-07-16 09:53:20,2023-07-20 08:10:43,False,2023-07-28 03:59:58,2023-08-07 14:00:07
87,East,3,2022-11-20 11:49:00,2022-11-24 07:18:06,2022-11-27 19:20:11,2022-12-04 01:03:35,2022-12-07 22:53:18,2022-12-09 05:40:17,False,2022-12-12 17:12:14,2022-12-26 11:09:49
58,West,3,2023-02-19 08:35:00,2023-02-21 11:16:43,2023-02-25 03:51:19,2023-02-27 20:43:16,2023-03-03 14:58:49,2023-03-05 14:36:42,False,2023-03-07 14:01:19,2023-03-14 04:43:04
43,East,3,2022-11-26 12:07:00,2022-11-30 04:13:29,2022-12-03 20:20:12,2022-12-05 21:36:27,2022-12-13 04:15:12,2022-12-16 23:52:12,False,2022-12-20 14:06:49,2022-12-26 17:34:40
42,North,1,2023-06-22 10:21:00,2023-06-25 04:21:44,2023-06-27 02:06:09,2023-06-30 01:50:28,2023-07-04 09:59:17,2023-07-07 05:49:43,False,2023-07-08 15:19:17,2023-07-12 13:40:15
78,East,3,2023-05-23 08:23:00,2023-05-24 21:04:39,2023-05-27 02:17:48,2023-06-02 05:40:52,2023-06-04 08:41:18,2023-06-06 23:22:08,False,2023-06-14 17:54:01,2023-06-20 07:42:55
69,South,2,2022-08-26 11:50:00,2022-08-28 23:35:12,2022-09-01 13:06:02,2022-09-03 07:06:52,2022-09-04 23:58:03,2022-09-06 12:40:47,False,2022-09-14 08:22:16,2022-09-17 15:31:25
48,South,3,2022-10-19 10:05:00,2022-10-21 08:14:34,2022-10-24 10:10:04,2022-10-29 07:35:13,2022-11-03 19:13:04,2022-11-06 19:00:59,False,2022-11-08 18:59:39,2022-11-20 00:46:05
6,South,3,2023-01-19 14:50:00,2023-01-23 11:39:46,2023-01-25 01:56:00,2023-01-26 09:30:39,2023-02-03 05:03:47,2023-02-04 06:34:53,False,2023-02-10 14:26:02,2023-02-22 04:43:11
13,West,3,2023-05-11 14:07:00,2023-05-13 07:42:21,2023-05-16 19:51:18,2023-05-19 06:18:09,2023-05-24 20:13:35,2023-05-28 09:22:45,False,2023-05-29 17:04:45,2023-05-30 17:37:07
86,South,2,2023-04-16 11:44:00,2023-04-19 17:34:40,2023-04-22 18:31:16,2023-04-28 10:53:52,2023-05-06 04:20:59,2023-05-09 18:15:15,False,2023-05-13 17:54:37,2023-05-26 11:22:00
91,South,2,2022-11-08 14:58:00,2022-11-10 07:39:34,2022-11-13 06:29:54,2022-11-21 08:25:38,2022-11-27 07:59:06,2022-12-01 04:30:11,False,2022-12-02 08:31:22,2022-12-10 06:12:54
2,South,1,2023-01-04 15:08:00,2023-01-07 00:34:56,2023-01-10 18:57:26,2023-01-15 09:59:02,2023-01-22 10:24:20,2023-01-25 10:09:55,False,2023-01-30 09:58:47,2023-02-04 02:33:37
77,South,2,2022-08-20 16:20:00,2022-08-23 12:11:35,2022-08-26 00:39:49,2022-08-27 02:35:01,2022-08-31 13:06:12,2022-09-02 08:12:26,False,2022-09-04 15:42:08,2022-09-22 18:49:57
18,East,1,2022-11-11 13:51:00,2022-11-12 15:56:34,2022-11-13 17:51:26,2022-11-21 02:16:58,2022-11-22 08:26:08,2022-11-25 16:34:51,False,2022-12-02 06:43:01,2022-12-05 18:20:35
33,East,2,2023-05-17 14:18:00,2023-05-21 13:42:55,2023-05-23 22:18:55,2023-05-29 13:55:41,2023-06-01 13:49:04,2023-06-03 08:28:55,False,2023-06-08 19:42:22,2023-06-12 11:52:39
9,West,1,2022-12-29 13:29:00,2022-12-30 18:33:36,2023-01-01 12:50:11,2023-01-08 06:22:56,2023-01-14 19:51:37,2023-01-17 17:16:25,False,2023-01-19 04:28:24,2023-01-31 00:08:23
21,East,1,2023-04-18 12:58:00,2023-04-20 22:16:17,2023-04-23 06:02:02,2023-04-25 16:50:47,2023-04-30 16:56:30,2023-05-03 21:15:27,False,2023-05-05 01:21:42,2023-05-21 12:51:46
62,West,1,2022-10-12 10:32:00,2022-10-13 23:30:08,2022-10-17 13:21:37,2022-10-19 06:42:18,2022-10-20 19:20:35,2022-10-21 23:31:41,False,2022-10-29 14:40:53,2022-11-08 15:19:51
41,West,1,2022-08-25 15:38:00,2022-08-27 14:05:00,2022-08-29 14:45:31,2022-09-05 05:02:22,2022-09-11 15:06:24,2022-09-14 11:05:35,False,2022-09-20 20:29:15,2022-10-04 01:37:15
97,South,2,2023-07-08 15:28:00,2023-07-12 01:51:19,2023-07-15 15:38:50,2023-07-21 17:23:49,2023-07-24 22:35:02,2023-07-26 23:10:11,False,2023-07-28 01:40:41,2023-08-02 02:57:02
54,North,2,2023-03-08 10:58:00,2023-03-12 07:15:34,2023-03-15 23:35:27,2023-03-18 05:01:04,2023-03-20 22:17:34,2023-03-22 14:05:52,False,2023-03-29 13:48:25,2023-04-03 21:36:57
35,East,1,2022-08-28 10:25:00,2022-08-31 11:01:48,2022-09-03 19:11:25,2022-09-08 00:29:22,2022-09-09 13:25:09,2022-09-11 02:43:44,False,2022-09-15 00:03:30,2022-09-30 01:30:01
94,East,3,2023-03-03 14:51:00,2023-03-04 19:40:42,2023-03-05 23:18:12,2023-03-10 07:49:13,2023-03-12 00:44:10,2023-03-15 04:00:24,False,2023-03-17 06:05:29,2023-03-27 12:58:04
45,North,1,2022-12-28 14:12:00,2022-12-30 16:33:06,2023-01-03 01:07:53,2023-01-06 07:06:23,2023-01-13 07:33:37,2023-01-14 21:45:30,False,2023-01-18 06:05:32,2023-01-25 23:43:09
99,West,1,2022-11-25 09:08:00,2022-11-26 09:15:17,2022-11-29 08:55:13,2022-12-07 01:16:14,2022-12-11 22:42:09,2022-12-15 01:19:55,False,2022-12-17 23:22:55,2022-12-25 16:32:58
28,South,1,2023-02-08 15:52:00,2023-02-10 00:33:34,2023-02-13 07:18:47,2023-02-16 22:46:09,2023-02-23 10:59:17,2023-02-25 15:46:12,False,2023-02-27 07:14:39,2023-03-03 18:29:15
5,North,2,2023-02-28 08:48:00,2023-03-02 05:04:44,2023-03-04 21:08:46,2023-03-10 23:27:47,2023-03-13 18:31:11,2023-03-16 10:13:21,False,2023-03-18 12:16:20,2023-03-23 15:56:06
4,South,2,2022-12-22 16:32:00,2022-12-24 11:40:06,2022-12-26 20:59:17,2023-01-02 01:28:13,2023-01-08 17:30:00,2023-01-11 11:06:59,False,2023-01-18 00:49:17,2023-01-22 23:39:25
45,South,1,2022-09-23 08:35:00,2022-09-25 10:50:24,2022-09-26 21:31:40,2022-10-03 18:24:31,2022-10-09 03:19:34,2022-10-11 14:14:55,False,2022-10-16 13:16:06,2022-10-18 17:25:31
8,North,2,2022-11-12 08:19:00,2022-11-15 22:25:28,2022-11-18 03:42:41,2022-11-24 00:23:12,2022-12-01 03:06:03,2022-12-04 14:40:03,False,2022-12-10 02:34:19,2022-12-24 00:49:09
6,East,3,2023-06-15 10:48:00,2023-06-19 01:59:44,2023-06-20 11:10:06,2023-06-27 04:45:47,2023-07-04 09:05:48,2023-07-06 08:42:21,False,2023-07-07 13:50:54,2023-07-11 03:47:04
96,East,2,2023-06-16 08:11:00,2023-06-19 08:12:37,2023-06-20 20:45:35,2023-06-27 20:47:38,2023-06-30 17:10:23,2023-07-04 14:24:07,False,2023-07-11 11:52:38,2023-07-15 13:08:08
95,East,3,2023-01-08 10:11:00,2023-01-11 03:00:18,2023-01-14 16:24:16,2023-01-21 01:09:22,2023-01-28 15:34:44,2023-01-31 22:33:40,False,2023-02-05 17:27:11,2023-02-14 15:14:56
63,East,3,2022-09-25 11:41:00,2022-09-27 05:30:37,2022-09-29 01:12:02,2022-10-04 11:52:44,2022-10-07 22:12:31,2022-10-11 12:00:47,False,2022-10-17 19:05:05,2022-10-24 22:00:52
41,South,1,2023-01-10 12:14:00,2023-01-11 20:14:34,2023-01-13 02:15:56,2023-01-20 05:47:58,2023-01-25 03:53:07,2023-01-27 22:32:41,False,2023-02-02 19:22:08,2023-02-04 15:36:24
47,South,3,2023-06-16 16:09:00,2023-06-18 07:36:09,2023-06-21 10:51:26,2023-06-25 12:07:06,2023-07-02 14:58:18,2023-07-04 10:11:07,False,2023-07-12 04:00:40,2023-07-14 23:28:42
91,East,2,2023-03-11 15:53:00,2023-03-14 22:43:32,2023-03-17 09:51:30,2023-03-24 16:00:33,2023-03-27 23:47:18,2023-03-30 22:09:14,False,2023-04-05 23:22:59,2023-04-09 09:59:19
15,West,1,2022-12-28 15:25:00,2023-01-01 02:22:53,2023-01-02 04:58:20,2023-01-09 03:34:51,2023-01-10 10:02:17,2023-01-13 06:33:55,False,2023-01-16 20:47:56,2023-01-30 18:54:06
86,West,2,2022-10-17 16:10:00,2022-10-20 18:36:18,2022-10-22 02:16:14,2022-10-26 21:20:38,2022-11-01 06:11:01,2022-11-03 06:50:35,False,2022-11-04 08:01:35,2022-11-13 03:35:14
8,East,2,2022-07-24 10:17:00,2022-07-27 08:20:03,2022-07-29 13:22:25,2022-08-04 01:37:04,2022-08-07 07:42:31,2022-08-08 19:14:07,False,2022-08-10 16:20:14,2022-08-12 21:09:29
2,North,1,2023-04-01 10:11:00,2023-04-05 07:00:56,2023-04-07 05:18:42,2023-04-13 18:38:33,2023-04-21 02:55:15,2023-04-24 12:38:41,False,2023-04-26 02:22:09,2023-05-07 03:28:16
96,East,2,2023-02-16 16:16:00,2023-02-18 14:39:06,2023-02-22 06:38:13,2023-02-28 14:01:45,2023-03-05 14:31:51,2023-03-08 22:45:53,False,2023-03-12 18:59:46,2023-03-16 04:14:02
50,East,1,2023-03-12 13:19:00,2023-03-14 21:50:56,2023-03-18 01:26:46,2023-03-21 23:36:36,2023-03-29 10:45:19,2023-04-02 05:55:29,False,2023-04-04 12:45:12,2023-04-07 00:27:14
40,East,2,2022-09-04 12:39:00,2022-09-07 10:01:54,2022-09-10 00:50:36,2022-09-13 15:13:12,2022-09-18 07:09:39,2022-09-22 03:57:04,False,2022-09-26 04:51:45,2022-09-27 18:00:32
62,East,1,2022-08-05 11:11:00,2022-08-08 04:06:38,2022-08-11 12:44:58,2022-08-19 08:24:35,2022-08-22 03:57:16,2022-08-25 09:57:28,False,2022-08-31 04:20:20,2022-09-07 20:50:18
65,South,1,2023-06-19 09:32:00,2023-06-20 12:48:32,2023-06-22 07:05:26,2023-06-27 14:20:00,2023-06-28 16:16:45,2023-07-01 10:38:53,False,2023-07-05 01:43:46,2023-07-10 15:49:03
19,North,2,2023-02-22 10:34:00,2023-02-24 22:12:34,2023-02-27 03:26:21,2023-03-06 22:27:56,2023-03-08 12:27:54,2023-03-10 01:41:18,False,2023-03-13 06:38:15,2023-03-24 06:46:59
31,South,1,2023-01-27 09:40:00,2023-01-28 22:21:13,2023-01-31 15:03:09,2023-02-07 15:14:21,2023-02-12 18:54:02,2023-02-14 21:37:29,False,2023-02-21 21:02:29,2023-03-06 10:32:26
5,South,2,2023-03-25 12:14:00,2023-03-28 09:13:34,2023-03-29 16:02:14,2023-04-04 09:55:39,2023-04-10 18:38:57,2023-04-14 04:25:56,False,2023-04-21 23:36:16,2023-04-29 04:16:32
59,North,3,2023-01-14 10:25:00,2023-01-15 13:34:28,2023-01-18 05:14:28,2023-01-19 10:19:04,2023-01-24 11:28:49,2023-01-26 17:33:02,False,2023-02-01 07:56:12,2023-02-10 01:59:53
72,North,3,2023-06-08 14:56:00,2023-06-11 21:50:26,2023-06-15 10:03:13,2023-06-23 00:43:53,2023-06-29 09:20:56,2023-07-01 20:57:01,False,2023-07-06 18:49:51,2023-07-13 02:35:17
74,West,3,2023-01-23 08:46:00,2023-01-24 20:11:12,2023-01-28 12:19:51,2023-02-03 20:27:48,2023-02-09 17:34:48,2023-02-12 15:51:08,False,2023-02-18 15:26:12,2023-03-01 19:51:55
29,North,3,2023-02-27 10:43:00,2023-03-03 03:23:06,2023-03-06 19:43:35,2023-03-11 18:00:33,2023-03-18 05:11:43,2023-03-20 21:36:55,False,2023-03-26 15:30:01,2023-04-01 11:10:43
67,East,2,2022-10-18 12:48:00,2022-10-19 18:24:17,2022-10-22 09:05:47,2022-10-23 17:37:22,2022-10-24 22:28:38,2022-10-27 15:12:59,False,2022-11-01 03:40:13,2022-11-15 11:24:01
39,North,1,2022-09-30 17:00:00,2022-10-04 12:30:02,2022-10-07 08:47:11,2022-10-13 21:34:27,2022-10-18 01:21:17,2022-10-22 00:21:57,False,2022-10-27 15:21:54,2022-11-04 11:41:33
50,West,1,2023-01-04 16:27:00,2023-01-06 10:01:08,2023-01-07 10:58:04,2023-01-14 07:57:33,2023-01-20 15:35:40,2023-01-21 21:36:32,False,2023-01-25 06:31:20,2023-02-02 20:07:38
74,South,3,2022-12-25 13:20:00,2022-12-26 15:18:01,2022-12-29 18:14:58,2023-01-06 09:38:58,2023-01-13 13:17:50,2023-01-15 05:02:10,False,2023-01-18 18:13:02,2023-01-24 03:05:14
65,East,1,2023-07-22 09:04:00,2023-07-24 08:58:02,2023-07-25 09:52:33,2023-08-01 14:32:16,2023-08-08 02:30:56,2023-08-10 09:19:59,False,2023-08-12 07:31:33,2023-08-28 17:32:13
100,West,1,2023-06-08 15:34:00,2023-06-12 12:14:27,2023-06-15 12:33:49,2023-06-17 14:48:58,2023-06-20 16:59:37,2023-06-21 17:28:36,False,2023-06-23 05:06:58,2023-07-04 16:55:55
74,South,3,2023-01-06 14:26:00,2023-01-10 03:25:09,2023-01-11 20:32:29,2023-01-14 09:00:29,2023-01-22 02:52:21,2023-01-24 16:28:38,False,2023-01-31 12:42:09,2023-02-13 02:14:17
9,North,1,2022-12-29 13:49:00,2023-01-02 02:45:56,2023-01-04 22:57:03,2023-01-11 09:53:52,2023-01-13 16:34:38,2023-01-15 21:56:22,False,2023-01-18 07:49:14,2023-01-20 19:10:43
63,West,3,2023-02-21 13:44:00,2023-02-23 00:59:45,2023-02-25 08:47:32,2023-02-28 07:24:20,2023-03-07 05:45:51,2023-03-09 08:33:23,False,2023-03-16 01:51:35,2023-03-31 00:11:17
63,South,3,2022-11-25 12:24:00,2022-11-28 11:39:00,2022-12-02 07:32:34,2022-12-06 17:16:51,2022-12-13 13:08:35,2022-12-15 09:02:20,False,2022-12-22 05:07:27,2023-01-05 05:12:52
61,South,1,2023-07-10 10:37:00,2023-07-12 09:06:03,2023-07-15 05:51:25,2023-07-20 00:39:28,2023-07-27 14:13:24,2023-07-31 12:48:57,False,2023-08-01 15:04:59,2023-08-09 13:31:00
21,North,1,2023-05-30 13:05:00,2023-06-01 15:27:03,2023-06-05 14:53:50,2023-06-09 05:06:42,2023-06-10 14:44:50,2023-06-13 06:24:06,False,2023-06-18 08:35:08,2023-07-01 09:44:04
76,South,2,2022-10-07 11:04:00,2022-10-08 12:14:23,2022-10-10 10:46:51,2022-10-17 01:07:46,2022-10-22 17:43:17,2022-10-25 21:50:54,False,2022-10-31 08:39:06,2022-11-13 03:36:57
61,North,1,2023-02-01 14:27:00,2023-02-03 10:12:01,2023-02-04 14:44:18,2023-02-10 06:15:15,2023-02-13 04:32:40,2023-02-15 10:26:25,False,2023-02-17 17:03:46,2023-03-02 01:26:54
1,North,2,2022-10-28 14:34:00,2022-10-30 16:54:11,2022-11-02 01:44:04,2022-11-09 15:22:50,2022-11-16 20:42:13,2022-11-19 04:24:20,False,2022-11-22 03:51:57,2022-11-27 19:29:04
30,West,1,2023-03-27 14:13:00,2023-03-29 11:29:18,2023-03-30 20:10:21,2023-04-01 07:14:25,2023-04-06 21:18:42,2023-04-09 21:35:22,False,2023-04-16 03:00:22,2023-04-17 17:43:25
60,North,1,2022-08-31 12:48:00,2022-09-03 10:30:39,2022-09-06 11:01:45,2022-09-10 18:38:53,2022-09-14 17:06:14,2022-09-17 21:49:07,True,,
39,East,1,2023-01-18 08:12:00,2023-01-20 10:18:55,2023-01-21 11:24:54,2023-01-25 17:11:48,2023-01-28 08:00:08,2023-01-30 03:27:08,False,2023-01-31 14:54:51,2023-02-04 00:48:38
54,East,2,2023-03-29 08:13:00,2023-03-31 22:32:35,2023-04-02 11:56:51,2023-04-08 10:08:53,2023-04-16 08:56:05,2023-04-17 13:43:02,False,2023-04-22 17:44:37,2023-04-25 02:00:42
38,North,3,2023-04-20 11:31:00,2023-04-23 17:57:21,2023-04-27 10:06:52,2023-05-05 05:14:37,2023-05-07 09:38:53,2023-05-10 19:36:20,False,2023-05-12 13:37:22,2023-05-22 16:33:10
90,East,2,2023-01-06 14:52:00,2023-01-08 00:39:28,2023-01-09 03:08:02,2023-01-17 02:39:43,2023-01-18 07:44:18,2023-01-22 06:54:23,False,2023-01-26 14:49:33,2023-02-07 00:49:41
89,North,2,2022-10-20 11:09:00,2022-10-24 03:17:18,2022-10-26 23:40:31,2022-11-01 01:11:16,2022-11-08 03:38:59,2022-11-11 03:36:13,False,2022-11-12 21:32:20,2022-11-18 05:41:53
63,North,3,2022-08-24 10:43:00,2022-08-25 17:40:02,2022-08-28 22:18:24,2022-08-31 01:42:01,2022-09-05 00:02:47,2022-09-08 16:09:46,False,2022-09-12 18:31:38,2022-09-26 06:44:48
17,West,2,2022-11-14 16:43:00,2022-11-17 10:34:24,2022-11-19 11:24:58,2022-11-24 19:55:32,2022-12-02 14:36:13,2022-12-05 04:42:41,False,2022-12-11 19:22:19,2022-12-14 08:23:34
8,North,2,2023-03-18 15:55:00,2023-03-21 01:02:42,2023-03-24 17:54:45,2023-03-30 11:54:18,2023-04-06 16:31:35,2023-04-09 04:11:38,False,2023-04-10 12:03:48,2023-04-14 12:53:42
57,East,2,2022-10-23 15:10:00,2022-10-26 22:10:42,2022-10-28 21:51:03,2022-10-30 06:05:40,2022-11-03 14:19:14,2022-11-05 03:16:17,False,2022-11-09 00:34:58,2022-11-19 14:26:45
63,East,3,2023-07-03 12:26:00,2023-07-05 23:59:01,2023-07-07 15:37:35,2023-07-13 21:57:40,2023-07-16 06:43:33,2023-07-20 00:38:38,False,2023-07-27 03:26:48,2023-07-30 14:16:39
59,West,3,2023-04-23 14:27:00,2023-04-25 16:29:36,2023-04-26 19:18:35,2023-04-28 22:39:28,2023-05-05 13:56:06,2023-05-08 12:55:03,False,2023-05-15 04:00:16,2023-05-22 14:31:09
44,East,3,2023-02-24 10:51:00,2023-02-26 07:45:41,2023-03-02 02:19:20,2023-03-06 05:00:27,2023-03-10 08:48:02,2023-03-13 02:00:42,False,2023-03-15 17:51:29,2023-03-29 07:27:08
90,North,2,2022-08-23 10:51:00,2022-08-26 17:58:59,2022-08-27 18:25:41,2022-09-02 07:11:13,2022-09-06 15:25:06,2022-09-10 13:27:02,False,2022-09-17 20:08:43,2022-09-22 17:09:19
30,North,1,2023-05-05 08:18:00,2023-05-07 18:29:01,2023-05-09 15:04:07,2023-05-13 15:12:52,2023-05-15 00:41:07,2023-05-18 15:31:39,False,2023-05-20 08:02:53,2023-05-23 05:47:21
82,East,3,2023-02-26 11:09:00,2023-03-02 06:43:34,2023-03-05 03:12:50,2023-03-09 22:36:51,2023-03-11 18:19:25,2023-03-12 20:29:14,False,2023-03-19 14:13:26,2023-03-31 18:07:32
69,West,2,2023-01-22 10:46:00,2023-01-24 07:30:21,2023-01-27 19:05:05,2023-02-04 13:45:03,2023-02-11 20:11:35,2023-02-14 03:44:50,False,2023-02-20 05:38:40,2023-02-24 22:23:58
24,West,1,2023-01-01 08:52:00,2023-01-03 14:09:24,2023-01-06 22:41:10,2023-01-11 19:03:59,2023-01-16 20:10:01,2023-01-20 10:00:43,False,2023-01-28 09:57:19,2023-01-31 19:24:46
98,East,1,2023-02-20 16:27:00,2023-02-23 21:08:09,2023-02-26 15:16:31,2023-03-05 21:36:24,2023-03-11 07:40:01,2023-03-12 16:31:28,False,2023-03-19 05:53:32,2023-03-31 21:02:27
27,South,1,2022-10-27 13:16:00,2022-10-29 19:36:00,2022-11-02 00:19:06,2022-11-09 06:58:39,2022-11-10 08:56:43,2022-11-11 21:03:37,False,2022-11-19 00:15:21,2022-11-25 22:52:10
72,North,3,2022-07-31 09:22:00,2022-08-02 09:20:05,2022-08-05 13:59:27,2022-08-11 22:28:25,2022-08-17 03:20:01,2022-08-20 10:34:04,False,2022-08-22 04:51:29,2022-08-29 08:57:52
54,North,2,2022-10-13 08:20:00,2022-10-17 00:05:09,2022-10-20 05:30:54,2022-10-25 20:51:43,2022-10-26 23:47:55,2022-10-29 20:27:58,False,2022-11-04 03:19:30,2022-11-09 19:38:44
61,East,1,2023-06-09 09:51:00,2023-06-11 19:24:03,2023-06-13 16:53:23,2023-06-18 00:06:35,2023-06-22 10:49:05,2023-06-25 02:45:20,False,2023-06-26 12:45:34,2023-07-07 21:36:13
76,North,2,2022-08-29 08:42:00,2022-08-30 11:02:50,2022-09-02 12:31:34,2022-09-11 02:30:25,2022-09-18 14:56:33,2022-09-21 23:52:18,False,2022-09-26 02:09:37,2022-10-08 20:40:30
2,East,1,2022-10-28 09:05:00,2022-11-01 05:14:49,2022-11-04 14:01:10,2022-11-06 13:05:59,2022-11-09 12:53:05,2022-11-11 23:36:23,False,2022-11-18 20:38:36,2022-11-21 09:14:54
91,West,2,2022-12-19 13:11:00,2022-12-21 22:40:57,2022-12-25 16:34:27,2022-12-29 11:20:16,2023-01-01 12:44:31,2023-01-04 01:51:06,False,2023-01-08 14:37:36,2023-01-18 13:11:00
42,West,1,2023-04-02 12:33:00,2023-04-04 13:54:23,2023-04-06 11:34:46,2023-04-13 18:51:12,2023-04-19 05:54:54,2023-04-20 22:12:56,False,2023-04-26 21:32:24,2023-04-29 07:27:46
91,East,2,2023-04-06 12:30:00,2023-04-07 15:00:39,2023-04-09 01:14:33,2023-04-13 00:31:02,2023-04-15 11:05:46,2023-04-17 16:12:27,False,2023-04-24 18:21:00,2023-04-30 02:01:47
3,South,2,2022-11-23 09:23:00,2022-11-27 08:39:29,2022-11-30 20:04:12,2022-12-08 00:32:43,2022-12-12 19:23:30,2022-12-15 06:42:13,False,2022-12-17 13:46:39,2022-12-18 23:06:47
68,West,1,2023-06-12 08:56:00,2023-06-15 10:02:36,2023-06-18 01:04:04,2023-06-21 09:51:15,2023-06-26 19:27:57,2023-06-28 14:55:10,False,2023-06-29 19:38:52,2023-07-10 22:12:43
29,East,3,2022-12-18 08:25:00,2022-12-22 00:44:50,2022-12-25 10:29:46,2022-12-31 19:28:13,2023-01-07 14:42:14,2023-01-10 10:45:45,False,2023-01-17 15:04:01,2023-01-28 11:25:38
32,East,3,2022-08-24 15:36:00,2022-08-27 02:35:22,2022-08-29 14:12:53,2022-08-30 23:52:13,2022-09-05 05:14:47,2022-09-06 16:56:32,False,2022-09-07 19:16:03,2022-09-21 01:16:52
83,West,1,2023-03-24 16:27:00,2023-03-27 18:18:09,2023-03-29 12:51:38,2023-04-01 21:50:07,2023-04-08 08:22:11,2023-04-11 17:34:11,False,2023-04-15 22:20:23,2023-04-26 21:20:15
76,South,2,2022-08-11 10:00:00,2022-08-13 23:15:31,2022-08-15 07:27:34,2022-08-18 04:22:11,2022-08-20 22:22:05,2022-08-24 01:24:33,False,2022-08-30 02:46:20,2022-09-03 16:07:35
54,East,2,2023-04-02 08:28:00,2023-04-04 16:08:22,2023-04-06 17:15:58,2023-04-12 04:29:36,2023-04-19 17:38:43,2023-04-23 03:45:33,False,2023-05-01 00:29:10,2023-05-05 03:30:08
76,North,2,2023-05-10 16:44:00,2023-05-13 10:18:30,2023-05-16 16:11:16,2023-05-21 00:41:20,2023-05-23 12:35:45,2023-05-26 07:38:45,False,2023-05-28 19:23:22,2023-06-09 18:46:46
24,East,1,2022-10-10 10:55:00,2022-10-13 17:42:21,2022-10-15 14:19:20,2022-10-21 23:27:31,2022-10-23 12:21:37,2022-10-26 13:39:30,False,2022-11-03 00:28:34,2022-11-16 06:19:08
58,East,3,2022-10-31 15:53:00,2022-11-01 21:21:34,2022-11-04 17:12:39,2022-11-08 12:13:34,2022-11-14 11:09:01,2022-11-15 12:00:25,False,2022-11-17 13:06:52,2022-11-21 03:04:51
67,North,2,2023-03-12 10:34:00,2023-03-14 03:59:11,2023-03-17 00:29:02,2023-03-18 20:12:53,2023-03-21 12:40:39,2023-03-24 03:04:55,False,2023-03-27 19:58:08,2023-04-02 23:16:05
35,North,1,2023-06-24 14:26:00,2023-06-28 11:50:05,2023-06-30 10:42:42,2023-07-07 01:54:05,2023-07-12 04:06:33,2023-07-15 22:14:08,False,2023-07-19 04:37:28,2023-08-02 16:51:18
55,South,1,2022-09-16 08:34:00,2022-09-18 12:08:38,2022-09-20 13:29:41,2022-09-23 06:00:21,2022-09-27 21:35:07,2022-09-29 02:08:32,False,2022-09-30 08:22:46,2022-10-13 10:03:49
25,East,3,2022-12-11 13:57:00,2022-12-15 00:17:41,2022-12-17 19:00:57,2022-12-21 01:03:38,2022-12-27 14:51:10,2022-12-28 15:30:46,False,2022-12-29 21:26:44,2022-12-31 05:15:27
48,North,3,2023-01-17 11:37:00,2023-01-20 02:38:05,2023-01-22 00:34:23,2023-01-26 21:08:13,2023-01-30 09:27:20,2023-02-03 00:30:26,False,2023-02-08 16:03:29,2023-02-15 01:06:17
10,North,2,2023-04-13 11:46:00,2023-04-16 05:27:50,2023-04-17 19:21:47,2023-04-22 08:16:59,2023-04-29 06:06:33,2023-05-03 01:08:19,False,2023-05-06 16:51:08,2023-05-07 19:20:57
27,South,1,2022-12-01 16:12:00,2022-12-03 09:21:06,2022-12-04 10:59:29,2022-12-09 06:58:06,2022-12-14 20:01:51,2022-12-16 11:45:08,False,2022-12-22 18:26:11,2022-12-30 12:37:56
63,East,3,2022-11-20 13:34:00,2022-11-22 03:04:27,2022-11-24 05:53:54,2022-12-01 20:44:00,2022-12-07 12:28:25,2022-12-09 08:24:58,False,2022-12-17 05:33:35,2022-12-21 03:53:51
34,South,2,2022-12-12 13:56:00,2022-12-16 05:38:55,2022-12-20 01:58:25,2022-12-27 09:14:48,2022-12-31 06:20:47,2023-01-02 10:48:05,False,2023-01-03 16:39:59,2023-01-08 15:03:07
77,South,2,2022-10-12 10:58:00,2022-10-15 09:19:16,2022-10-18 04:14:31,2022-10-20 19:27:33,2022-10-24 10:26:29,2022-10-27 20:03:16,False,2022-11-01 20:17:55,2022-11-20 16:47:49
2,South,1,2023-03-15 15:06:00,2023-03-18 20:41:50,2023-03-19 21:06:17,2023-03-23 09:45:06,2023-03-24 18:28:11,2023-03-27 20:07:50,False,2023-03-29 06:59:57,2023-04-09 07:33:24
60,West,1,2023-02-23 13:08:00,2023-02-27 10:48:42,2023-03-02 11:41:13,2023-03-10 10:51:41,2023-03-18 05:44:29,2023-03-21 12:29:23,False,2023-03-24 02:52:05,2023-04-05 15:00:46
8,East,2,2022-10-31 10:30:00,2022-11-03 02:17:54,2022-11-05 02:57:47,2022-11-10 16:40:34,2022-11-17 13:18:28,2022-11-20 22:26:22,False,2022-11-27 01:42:19,2022-12-10 04:13:49
80,South,1,2022-12-20 13:39:00,2022-12-24 05:29:33,2022-12-26 17:57:00,2022-12-28 12:44:02,2022-12-31 18:56:37,2023-01-02 08:04:53,False,2023-01-09 21:37:11,2023-01-13 13:10:05
26,West,1,2023-01-18 11:33:00,2023-01-20 06:07:07,2023-01-21 10:45:54,2023-01-25 08:04:13,2023-01-30 16:40:52,2023-02-03 05:33:02,False,2023-02-09 01:13:52,2023-02-11 01:32:36
25,North,3,2023-06-08 10:05:00,2023-06-10 16:55:08,2023-06-14 09:04:17,2023-06-18 05:05:44,2023-06-23 04:03:49,2023-06-25 20:39:19,False,2023-06-27 18:39:16,2023-07-03 05:31:38
86,North,2,2022-08-31 15:05:00,2022-09-03 12:25:39,2022-09-07 02:33:42,2022-09-10 22:19:13,2022-09-13 21:52:28,2022-09-15 21:16:24,False,2022-09-21 00:11:13,2022-10-07 06:43:31
15,North,1,2023-02-22 14:11:00,2023-02-25 19:39:14,2023-02-27 04:21:51,2023-03-02 16:07:45,2023-03-05 21:11:16,2023-03-09 15:24:16,False,2023-03-12 14:09:11,2023-03-24 08:44:41
49,North,2,2023-05-21 13:01:00,2023-05-23 02:26:27,2023-05-24 20:08:55,2023-05-28 10:07:03,2023-06-01 04:42:46,2023-06-04 23:15:25,False,2023-06-12 00:32:09,2023-06-26 14:06:51
41,West,1,2022-10-10 15:23:00,2022-10-14 05:29:01,2022-10-17 13:12:08,2022-10-24 00:42:48,2022-10-28 13:43:45,2022-10-30 12:49:41,False,2022-11-05 04:31:41,2022-11-12 20:58:06
87,East,3,2023-01-20 09:14:00,2023-01-21 22:05:54,2023-01-25 00:17:30,2023-01-29 20:00:21,2023-02-04 17:40:49,2023-02-07 08:47:44,False,2023-02-12 06:57:11,2023-02-25 23:25:46
69,West,2,2022-10-07 14:21:00,2022-10-09 20:22:46,2022-10-11 15:04:45,2022-10-14 04:10:29,2022-10-18 02:31:43,2022-10-20 05:22:12,False,2022-10-22 17:04:46,2022-10-26 10:10:58
33,East,2,2022-09-30 16:38:00,2022-10-02 09:10:45,2022-10-06 01:39:12,2022-10-10 13:29:07,2022-10-16 02:06:46,2022-10-17 04:19:06,False,2022-10-24 03:09:09,2022-10-28 09:57:02
50,East,1,2023-04-28 13:09:00,2023-04-30 17:02:56,2023-05-01 20:19:51,2023-05-05 12:37:25,2023-05-09 10:17:22,2023-05-10 15:20:39,False,2023-05-15 08:45:13,2023-05-28 23:15:07
52,West,3,2022-09-18 08:26:00,2022-09-19 19:46:55,2022-09-22 13:13:09,2022-09-27 11:48:13,2022-09-30 21:57:23,2022-10-02 01:04:37,False,2022-10-04 00:27:22,2022-10-15 15:50:23
1,East,2,2023-04-20 12:48:00,2023-04-21 22:03:31,2023-04-25 01:26:45,2023-05-02 19:28:40,2023-05-07 23:36:35,2023-05-11 11:31:49,False,2023-05-17 13:18:06,2023-05-22 04:50:14
9,South,1,2022-11-04 10:32:00,2022-11-07 12:08:04,2022-11-10 15:09:03,2022-11-14 23:17:23,2022-11-18 09:13:49,2022-11-20 08:01:52,False,2022-11-24 18:30:47,2022-12-08 00:06:06
19,North,2,2022-11-07 10:51:00,2022-11-09 05:37:52,2022-11-10 16:41:48,2022-11-15 15:07:21,2022-11-19 01:07:31,2022-11-21 19:06:39,False,2022-11-29 13:27:08,2022-12-06 23:43:38
36,West,2,2023-02-15 12:51:00,2023-02-16 14:35:37,2023-02-18 05:18:02,2023-02-19 14:56:44,2023-02-25 02:05:25,2023-02-28 00:50:59,False,2023-03-02 20:31:14,2023-03-05 04:06:51
54,North,2,2023-04-16 16:31:00,2023-04-20 15:07:44,2023-04-22 08:59:44,2023-04-28 03:20:32,2023-05-04 10:40:16,2023-05-08 05:17:31,False,2023-05-11 04:37:53,2023-05-23 10:33:19
81,South,3,2023-06-08 14:49:00,2023-06-12 07:55:35,2023-06-14 09:40:55,2023-06-15 16:33:38,2023-06-20 16:55:58,2023-06-24 11:20:55,False,2023-06-28 17:30:18,2023-07-10 20:50:33
91,East,2,2022-08-08 09:24:00,2022-08-11 06:34:21,2022-08-13 01:26:02,2022-08-14 17:48:01,2022-08-22 12:42:00,2022-08-26 00:42:11,False,2022-08-29 23:22:43,2022-09-07 14:01:16
65,West,1,2023-01-09 14:34:00,2023-01-11 10:54:34,2023-01-14 22:34:17,2023-01-21 08:31:16,2023-01-22 17:32:29,2023-01-25 15:42:39,False,2023-01-27 09:09:32,2023-01-30 21:37:17
27,North,1,2022-11-18 09:04:00,2022-11-19 09:25:44,2022-11-21 03:08:19,2022-11-23 21:18:11,2022-11-30 12:15:39,2022-12-03 21:33:07,False,2022-12-06 07:41:06,2022-12-13 17:17:55
64,East,1,2022-07-22 08:28:00,2022-07-23 17:19:20,2022-07-25 00:38:56,2022-07-28 08:38:41,2022-07-31 04:38:46,2022-08-03 22:01:39,False,2022-08-07 10:25:12,2022-08-18 07:31:33
62,East,1,2023-01-20 14:55:00,2023-01-22 07:47:09,2023-01-24 16:19:30,2023-01-30 03:36:30,2023-02-05 03:00:18,2023-02-07 01:55:01,False,2023-02-14 05:35:19,2023-02-16 21:54:43
23,South,1,2023-05-11 16:20:00,2023-05-14 22:47:01,2023-05-17 22:26:36,2023-05-24 02:15:09,2023-05-30 02:05:49,2023-05-31 03:14:10,False,2023-06-01 20:05:39,2023-06-07 01:43:05
82,West,3,2022-11-02 15:33:00,2022-11-04 14:43:22,2022-11-08 05:33:16,2022-11-12 23:17:49,2022-11-15 16:56:03,2022-11-17 20:57:25,False,2022-11-23 00:00:47,2022-11-26 02:46:33
9,North,1,2023-03-30 16:34:00,2023-03-31 23:48:07,2023-04-02 02:32:58,2023-04-04 03:49:45,2023-04-09 18:51:37,2023-04-11 09:43:47,False,2023-04-15 07:46:30,2023-04-18 07:57:47
68,South,1,2023-02-10 11:38:00,2023-02-13 07:45:05,2023-02-14 14:47:28,2023-02-19 18:39:37,2023-02-22 05:54:43,2023-02-25 05:59:11,False,2023-03-03 21:18:08,2023-03-15 21:21:39
58,East,3,2022-09-05 08:01:00,2022-09-07 21:55:32,2022-09-10 07:37:06,2022-09-14 13:10:11,2022-09-21 13:41:55,2022-09-25 11:06:51,False,2022-09-27 20:12:58,2022-10-02 04:52:01
36,West,2,2022-10-26 15:57:00,2022-10-28 02:03:27,2022-10-31 07:49:15,2022-11-05 11:23:54,2022-11-12 16:53:56,2022-11-14 08:59:28,False,2022-11-15 11:14:51,2022-11-24 06:20:43
37,South,1,2022-08-16 11:21:00,2022-08-19 10:51:47,2022-08-21 03:08:26,2022-08-24 05:31:41,2022-08-29 01:05:00,2022-09-01 00:20:10,False,2022-09-06 11:16:36,2022-09-07 16:30:51
31,West,1,2023-03-05 14:53:00,2023-03-07 07:52:14,2023-03-11 06:59:51,2023-03-14 19:30:24,2023-03-19 04:22:07,2023-03-21 14:40:00,False,2023-03-24 19:27:41,2023-03-29 19:20:58
9,North,1,2022-10-14 12:36:00,2022-10-15 22:12:25,2022-10-19 18:44:18,2022-10-24 00:36:15,2022-10-28 02:22:55,2022-10-30 02:26:19,False,2022-11-03 10:17:05,2022-11-10 06:19:17
27,East,1,2023-05-20 10:42:00,2023-05-21 16:58:04,2023-05-25 14:11:02,2023-05-29 18:38:36,2023-06-01 03:43:34,2023-06-02 21:54:40,False,2023-06-06 04:08:10,2023-06-19 05:30:17
8,East,2,2023-05-03 14:33:00,2023-05-06 16:33:55,2023-05-08 15:11:40,2023-05-15 11:02:13,2023-05-16 19:01:56,2023-05-19 14:55:51,False,2023-05-25 21:41:22,2023-06-08 09:44:42
80,West,1,2022-07-26 08:28:00,2022-07-28 12:27:49,2022-08-01 12:20:44,2022-08-06 01:31:31,2022-08-10 16:38:44,2022-08-14 10:44:58,True,,
95,South,3,2022-08-06 13:17:00,2022-08-09 07:21:37,2022-08-12 00:20:11,2022-08-19 20:56:45,2022-08-26 03:34:09,2022-08-29 10:54:19,False,2022-08-31 17:15:10,2022-09-13 06:58:59
74,East,3,2023-06-05 10:41:00,2023-06-07 08:23:22,2023-06-09 07:58:16,2023-06-17 02:29:32,2023-06-22 15:54:58,2023-06-25 19:31:31,False,2023-06-27 08:16:07,2023-07-06 15:28:31
98,North,1,2022-12-26 15:47:00,2022-12-28 16:27:02,2022-12-29 18:33:44,2023-01-05 05:56:43,2023-01-07 17:43:25,2023-01-09 03:08:53,False,2023-01-12 09:02:10,2023-01-16 08:29:44
63,South,3,2022-10-26 10:49:00,2022-10-27 16:49:44,2022-10-29 10:25:57,2022-10-31 02:12:12,2022-11-05 08:55:00,2022-11-09 01:40:34,False,2022-11-16 01:22:58,2022-11-25 15:28:17
93,East,3,2023-05-24 09:24:00,2023-05-26 13:09:57,2023-05-29 23:14:01,2023-06-03 04:41:32,2023-06-04 09:33:31,2023-06-07 01:59:54,False,2023-06-08 16:28:12,2023-06-11 02:30:19
85,North,1,2022-12-09 08:44:00,2022-12-12 01:05:05,2022-12-15 19:57:39,2022-12-20 15:21:20,2022-12-22 01:27:25,2022-12-23 13:17:31,False,2022-12-28 07:32:03,2023-01-02 20:29:58
35,West,1,2023-05-31 14:03:00,2023-06-02 12:26:14,2023-06-05 11:42:56,2023-06-07 08:02:16,2023-06-10 13:50:09,2023-06-12 07:11:29,False,2023-06-20 05:19:48,2023-06-26 15:12:45
3,East,2,2023-02-09 09:39:00,2023-02-12 11:28:28,2023-02-15 00:58:59,2023-02-21 13:15:46,2023-02-24 06:37:59,2023-02-27 17:05:47,False,2023-03-07 07:08:53,2023-03-18 09:31:21
66,North,3,2023-02-16 16:22:00,2023-02-19 13:02:22,2023-02-22 04:18:40,2023-02-24 22:50:40,2023-02-27 05:24:05,2023-03-01 21:09:12,False,2023-03-05 23:46:23,2023-03-07 00:29:55
94,North,3,2022-12-14 10:22:00,2022-12-18 02:24:42,2022-12-21 18:54:56,2022-12-23 00:20:41,2022-12-29 23:28:17,2022-12-31 18:01:57,False,2023-01-06 22:12:06,2023-01-24 20:23:18
86,East,2,2022-11-26 14:07:00,2022-11-29 21:23:54,2022-12-02 01:27:39,2022-12-08 12:30:09,2022-12-10 14:05:27,2022-12-11 21:19:01,False,2022-12-18 18:45:02,2022-12-24 16:35:26
17,West,2,2023-03-18 08:25:00,2023-03-20 20:06:41,2023-03-22 12:42:06,2023-03-24 01:23:00,2023-03-25 06:37:23,2023-03-26 08:19:37,False,2023-03-29 01:12:38,2023-04-06 22:16:01
59,South,3,2022-11-24 15:52:00,2022-11-27 13:57:34,2022-12-01 10:48:03,2022-12-02 18:52:08,2022-12-06 06:43:40,2022-12-09 03:52:16,False,2022-12-16 18:32:16,2022-12-30 21:28:25
1,West,2,2023-07-19 12:20:00,2023-07-20 15:35:59,2023-07-23 05:01:54,2023-07-26 00:28:22,2023-07-29 18:30:19,2023-08-01 04:56:22,True,,
28,South,1,2023-07-05 10:29:00,2023-07-06 22:53:52,2023-07-10 12:32:43,2023-07-15 23:49:11,2023-07-19 23:42:59,2023-07-22 19:41:29,False,2023-07-25 05:02:58,2023-08-07 17:38:58
23,North,1,2023-02-22 12:35:00,2023-02-25 20:03:36,2023-03-01 14:50:34,2023-03-09 13:58:14,2023-03-14 13:24:00,2023-03-16 04:56:15,False,2023-03-18 04:13:02,2023-03-28 18:34:28
63,South,3,2023-03-08 14:10:00,2023-03-12 11:33:08,2023-03-13 19:16:54,2023-03-21 09:47:05,2023-03-27 05:53:06,2023-03-29 04:53:33,False,2023-04-02 11:50:35,2023-04-09 17:36:59
67,South,2,2022-08-01 14:22:00,2022-08-04 17:13:14,2022-08-06 23:15:12,2022-08-10 22:21:04,2022-08-15 05:23:14,2022-08-17 03:04:13,False,2022-08-25 01:37:21,2022-08-29 10:32:09
1,North,2,2022-10-26 11:12:00,2022-10-30 06:28:41,2022-11-01 13:09:40,2022-11-06 11:52:52,2022-11-11 00:32:31,2022-11-14 21:33:06,False,2022-11-18 01:19:40,2022-11-27 14:34:36
11,North,1,2022-11-29 16:26:00,2022-12-01 04:35:59,2022-12-04 00:54:29,2022-12-08 20:38:34,2022-12-12 12:57:52,2022-12-14 00:50:10,False,2022-12-15 06:10:55,2022-12-17 04:35:44
65,North,1,2022-09-29 16:35:00,2022-10-01 11:18:05,2022-10-05 09:48:40,2022-10-12 10:14:25,2022-10-15 08:44:18,2022-10-19 00:43:49,False,2022-10-24 13:00:57,2022-10-29 13:12:02
22,North,1,2023-04-24 11:46:00,2023-04-26 03:05:07,2023-04-28 22:48:46,2023-05-05 05:21:19,2023-05-09 13:39:28,2023-05-12 13:10:21,False,2023-05-14 00:49:51,2023-05-22 15:50:04
57,West,2,2022-11-05 13:01:00,2022-11-07 00:26:04,2022-11-10 16:41:24,2022-11-14 15:45:24,2022-11-17 04:29:43,2022-11-20 01:30:01,False,2022-11-26 07:35:19,2022-11-30 07:06:07
55,North,1,2022-10-28 10:53:00,2022-10-31 12:28:16,2022-11-02 21:25:17,2022-11-04 07:15:45,2022-11-10 03:33:57,2022-11-13 09:41:45,False,2022-11-18 15:26:13,2022-11-22 06:08:52
55,North,1,2023-04-18 15:04:00,2023-04-20 12:25:58,2023-04-22 06:26:31,2023-04-23 17:11:09,2023-04-30 17:23:55,2023-05-03 00:28:46,False,2023-05-09 20:45:36,2023-05-20 01:58:18
3,South,2,2023-03-08 12:27:00,2023-03-12 11:50:58,2023-03-14 11:54:56,2023-03-21 23:08:45,2023-03-27 23:16:50,2023-03-29 22:02:51,False,2023-04-04 13:16:56,2023-04-06 16:43:31
6,East,3,2023-04-12 16:51:00,2023-04-15 12:21:00,2023-04-17 18:31:17,2023-04-18 23:44:54,2023-04-24 02:24:29,2023-04-26 00:33:52,False,2023-05-03 07:20:45,2023-05-17 20:48:14
75,South,3,2022-08-29 11:45:00,2022-08-31 10:35:05,2022-09-02 20:34:31,2022-09-05 21:13:41,2022-09-07 11:35:26,2022-09-09 07:20:15,False,2022-09-13 21:47:09,2022-09-16 10:20:57
79,North,1,2023-02-07 12:37:00,2023-02-09 07:13:15,2023-02-11 21:07:18,2023-02-17 18:45:30,2023-02-20 13:25:36,2023-02-24 02:29:24,False,2023-03-04 00:38:33,2023-03-14 08:56:05
60,North,1,2023-01-07 14:11:00,2023-01-09 13:05:08,2023-01-13 12:34:55,2023-01-16 14:38:05,2023-01-23 15:18:20,2023-01-27 01:42:28,False,2023-01-29 17:00:31,2023-02-09 15:44:26
16,South,2,2022-10-27 11:49:00,2022-10-30 22:26:26,2022-11-02 12:41:52,2022-11-09 23:37:18,2022-11-13 15:40:22,2022-11-17 14:39:26,False,2022-11-25 13:08:18,2022-12-10 11:20:54
19,North,2,2022-12-27 09:15:00,2022-12-28 10:14:35,2022-12-31 19:11:34,2023-01-07 21:48:50,2023-01-13 13:00:38,2023-01-16 06:53:07,False,2023-01-17 16:12:45,2023-01-26 13:54:37
36,North,2,2022-12-23 10:57:00,2022-12-25 05:22:05,2022-12-29 04:52:08,2022-12-30 13:34:58,2023-01-01 04:35:17,2023-01-04 16:51:38,False,2023-01-09 00:37:59,2023-01-21 23:04:52
32,North,3,2022-11-19 11:56:00,2022-11-22 13:38:57,2022-11-26 06:06:28,2022-12-02 15:15:19,2022-12-10 00:44:54,2022-12-11 09:39:54,False,2022-12-12 20:29:05,2022-12-17 13:07:41
19,West,2,2023-02-02 09:47:00,2023-02-04 07:48:13,2023-02-06 23:10:56,2023-02-08 01:29:51,2023-02-13 18:38:20,2023-02-15 03:23:36,False,2023-02-18 16:07:59,2023-02-20 00:13:26
96,South,2,2023-02-14 13:48:00,2023-02-16 22:36:45,2023-02-20 20:15:20,2023-02-24 15:29:12,2023-03-01 02:18:38,2023-03-02 12:35:10,False,2023-03-06 19:20:37,2023-03-19 14:46:36
62,West,1,2022-10-24 08:15:00,2022-10-28 04:27:44,2022-10-29 10:30:59,2022-11-04 08:43:27,2022-11-06 22:49:27,2022-11-08 02:12:50,True,,
74,West,3,2023-03-12 08:17:00,2023-03-13 17:30:53,2023-03-16 11:19:21,2023-03-18 14:33:09,2023-03-23 17:02:09,2023-03-27 16:21:28,False,2023-03-29 19:43:50,2023-04-06 05:48:28
85,East,1,2023-05-04 14:45:00,2023-05-08 09:28:26,2023-05-11 14:08:39,2023-05-18 20:39:02,2023-05-22 21:33:58,2023-05-24 00:29:54,False,2023-05-30 11:02:31,2023-06-07 18:41:36
96,West,2,2023-04-26 16:22:00,2023-04-27 23:30:35,2023-04-29 23:49:37,2023-05-03 17:00:22,2023-05-05 20:23:56,2023-05-09 09:52:28,False,2023-05-17 04:55:40,2023-05-23 10:15:31
55,West,1,2022-11-04 12:22:00,2022-11-08 09:30:39,2022-11-12 05:17:43,2022-11-13 12:06:43,2022-11-17 03:58:35,2022-11-19 17:04:25,False,2022-11-24 11:39:05,2022-11-26 13:36:48
56,West,3,2022-09-18 13:18:00,2022-09-19 18:52:48,2022-09-23 14:20:11,2022-09-26 07:51:40,2022-10-01 02:30:09,2022-10-02 19:54:35,False,2022-10-04 18:31:58,2022-10-17 14:04:09
57,East,2,2022-09-26 16:02:00,2022-09-28 00:59:13,2022-10-01 08:49:10,2022-10-08 21:38:15,2022-10-11 12:33:29,2022-10-15 10:20:47,False,2022-10-16 18:03:49,2022-10-23 19:51:52
77,East,2,2022-09-30 15:34:00,2022-10-03 21:53:21,2022-10-07 18:05:54,2022-10-09 15:32:42,2022-10-11 12:01:37,2022-10-13 12:47:17,False,2022-10-15 23:49:09,2022-10-24 10:04:21
5,North,2,2022-07-23 11:40:00,2022-07-26 01:46:42,2022-07-29 15:26:13,2022-08-01 13:31:17,2022-08-04 12:47:27,2022-08-07 23:24:07,False,2022-08-10 19:04:39,2022-08-14 03:12:35
78,South,3,2023-04-01 11:54:00,2023-04-03 02:39:52,2023-04-06 15:49:41,2023-04-13 00:56:28,2023-04-17 21:03:18,2023-04-19 02:39:37,False,2023-04-22 18:03:31,2023-04-28 02:20:44
12,North,3,2023-03-17 13:05:00,2023-03-19 05:23:23,2023-03-21 07:10:06,2023-03-27 07:13:12,2023-03-29 23:08:47,2023-04-02 19:10:44,False,2023-04-09 20:10:09,2023-04-24 02:36:56
33,West,2,2022-10-24 09:18:00,2022-10-26 01:38:49,2022-10-28 02:40:40,2022-10-30 12:44:24,2022-11-03 08:50:51,2022-11-04 11:31:19,False,2022-11-12 01:43:51,2022-11-16 01:16:42
72,West,3,2022-12-21 12:29:00,2022-12-22 12:30:51,2022-12-24 05:31:12,2022-12-28 12:33:26,2023-01-03 21:07:28,2023-01-07 20:56:30,False,2023-01-11 02:20:06,2023-01-16 19:54:07
41,North,1,2023-03-19 11:50:00,2023-03-22 16:08:25,2023-03-24 03:20:40,2023-03-27 09:23:36,2023-03-31 00:15:11,2023-04-01 09:31:09,False,2023-04-07 03:30:27,2023-04-16 18:48:36
45,West,1,2023-01-03 11:36:00,2023-01-04 22:38:28,2023-01-07 09:24:21,2023-01-11 16:13:49,2023-01-16 08:56:47,2023-01-17 23:12:25,False,2023-01-20 01:48:20,2023-01-22 10:21:14
4,East,2,2022-12-01 14:26:00,2022-12-05 02:46:58,2022-12-08 21:17:51,2022-12-14 09:15:02,2022-12-18 17:04:28,2022-12-22 06:52:26,False,2022-12-24 01:35:27,2022-12-28 18:57:03
78,North,3,2022-09-18 08:45:00,2022-09-22 01:38:38,2022-09-24 16:56:12,2022-09-28 07:39:08,2022-10-04 13:01:58,2022-10-07 11:06:54,False,2022-10-09 07:51:01,2022-10-17 07:06:20
54,West,2,2023-02-24 11:55:00,2023-02-25 22:08:49,2023-03-01 06:33:03,2023-03-08 07:41:28,2023-03-11 19:11:28,2023-03-15 08:37:04,False,2023-03-18 20:51:55,2023-03-22 20:26:54
49,West,2,2023-04-25 13:18:00,2023-04-28 23:11:24,2023-05-01 17:40:09,2023-05-03 20:41:39,2023-05-11 00:48:25,2023-05-14 00:36:42,False,2023-05-16 17:50:15,2023-05-22 09:33:28
73,South,1,2023-04-15 15:21:00,2023-04-18 22:13:42,2023-04-22 16:07:13,2023-04-26 05:38:54,2023-04-29 14:43:25,2023-05-03 11:24:46,False,2023-05-08 08:36:36,2023-05-22 03:12:00
26,South,1,2023-02-27 14:30:00,2023-03-02 19:15:57,2023-03-06 09:41:25,2023-03-11 06:19:56,2023-03-18 11:17:16,2023-03-22 09:34:45,False,2023-03-26 17:04:59,2023-04-08 08:41:50
2,East,1,2023-05-24 16:54:00,2023-05-28 13:36:18,2023-05-31 19:49:24,2023-06-08 19:40:34,2023-06-16 16:14:37,2023-06-19 10:00:08,False,2023-06-20 17:03:37,2023-06-24 14:37:59
56,South,3,2023-02-19 09:04:00,2023-02-20 15:29:32,2023-02-22 08:30:05,2023-02-26 01:51:26,2023-03-05 17:21:48,2023-03-07 20:34:12,False,2023-03-11 21:12:18,2023-03-22 05:54:53
52,East,3,2022-12-03 15:06:00,2022-12-07 08:44:23,2022-12-10 17:42:58,2022-12-15 23:03:14,2022-12-22 12:44:09,2022-12-24 18:05:49,False,2022-12-28 08:52:17,2023-01-04 23:21:37
56,South,3,2022-12-06 15:20:00,2022-12-07 16:46:49,2022-12-10 04:17:07,2022-12-13 06:14:24,2022-12-20 20:44:13,2022-12-22 13:14:59,False,2022-12-28 09:39:48,2022-12-30 19:26:38
95,East,3,2022-09-12 16:40:00,2022-09-15 17:33:54,2022-09-17 02:14:25,2022-09-18 23:05:49,2022-09-26 20:17:56,2022-09-28 08:46:49,False,2022-10-01 07:06:24,2022-10-04 23:34:38
8,East,2,2022-11-04 11:08:00,2022-11-08 00:14:32,2022-11-09 08:14:09,2022-11-17 02:14:12,2022-11-19 17:01:48,2022-11-20 23:51:59,False,2022-11-25 00:28:27,2022-12-02 19:41:13
82,East,3,2023-03-07 11:24:00,2023-03-09 22:20:48,2023-03-11 08:54:31,2023-03-18 18:35:26,2023-03-23 22:04:46,2023-03-26 09:10:36,False,2023-03-30 07:35:51,2023-04-01 16:10:34
98,West,1,2023-01-02 13:53:00,2023-01-05 08:30:27,2023-01-07 05:31:25,2023-01-09 10:59:09,2023-01-16 03:51:23,2023-01-18 21:28:50,False,2023-01-20 21:11:22,2023-01-25 03:00:56
16,East,2,2022-12-14 12:43:00,2022-12-16 00:39:16,2022-12-17 01:35:24,2022-12-18 13:23:24,2022-12-25 19:38:15,2022-12-27 14:10:39,False,2022-12-28 15:34:25,2023-01-07 22:24:22
68,East,1,2023-01-18 08:37:00,2023-01-22 05:08:32,2023-01-24 04:07:45,2023-01-31 19:04:05,2023-02-02 03:06:34,2023-02-03 20:05:47,False,2023-02-04 22:36:44,2023-02-14 02:33:49
65,East,1,2022-12-04 09:43:00,2022-12-05 19:22:40,2022-12-08 19:44:04,2022-12-13 14:04:56,2022-12-18 20:15:31,2022-12-22 10:34:29,False,2022-12-26 18:28:40,2022-12-31 14:24:52
11,East,1,2023-06-06 13:38:00,2023-06-09 21:58:01,2023-06-11 12:17:16,2023-06-13 17:02:20,2023-06-19 12:18:15,2023-06-23 10:46:54,False,2023-06-28 00:41:51,2023-07-03 08:51:52
64,East,1,2023-04-02 14:28:00,2023-04-03 18:32:36,2023-04-07 14:01:43,2023-04-11 03:58:31,2023-04-16 09:55:27,2023-04-18 11:52:43,False,2023-04-25 06:27:47,2023-04-26 15:08:21
70,South,2,2023-01-03 08:51:00,2023-01-07 05:05:39,2023-01-10 18:53:17,2023-01-18 08:44:19,2023-01-23 23:04:09,2023-01-26 09:08:44,False,2023-01-29 18:18:19,2023-02-09 03:45:07
92,South,3,2023-01-26 10:31:00,2023-01-29 22:46:02,2023-01-31 14:11:37,2023-02-06 19:37:45,2023-02-11 13:14:36,2023-02-15 08:06:46,False,2023-02-22 22:40:42,2023-03-04 20:26:42
4,South,2,2022-10-13 13:51:00,2022-10-15 13:29:11,2022-10-16 17:41:01,2022-10-21 11:37:46,2022-10-27 07:16:00,2022-10-31 04:13:03,False,2022-11-06 01:04:02,2022-11-14 20:54:07
67,West,2,2023-06-23 11:21:00,2023-06-25 07:05:50,2023-06-28 17:18:52,2023-07-06 01:19:06,2023-07-09 05:06:12,2023-07-12 12:07:36,False,2023-07-20 03:40:05,2023-07-28 14:07:19
72,West,3,2022-09-23 12:12:00,2022-09-24 23:51:38,2022-09-27 11:36:14,2022-09-29 02:02:41,2022-10-06 11:46:58,2022-10-09 06:09:32,False,2022-10-11 02:45:40,2022-10-19 05:50:40
91,East,2,2023-05-22 14:14:00,2023-05-26 06:27:22,2023-05-28 10:21:08,2023-05-30 13:15:17,2023-06-03 15:52:46,2023-06-05 07:12:37,False,2023-06-09 03:21:32,2023-06-20 06:31:50
3,South,2,2023-06-26 14:09:00,2023-06-28 11:13:07,2023-07-01 01:41:02,2023-07-08 13:33:20,2023-07-10 02:25:48,2023-07-13 10:28:24,False,2023-07-20 17:57:27,2023-07-24 06:53:03
70,East,2,2022-09-28 08:12:00,2022-09-29 18:44:04,2022-09-30 21:51:37,2022-10-04 05:27:48,2022-10-10 20:49:31,2022-10-13 15:58:55,False,2022-10-20 13:02:55,2022-10-24 02:10:29
56,South,3,2022-12-15 14:12:00,2022-12-16 15:47:05,2022-12-19 16:51:00,2022-12-22 04:49:03,2022-12-25 17:52:06,2022-12-27 07:34:02,False,2023-01-01 11:15:25,2023-01-12 19:57:02
14,North,2,2023-05-16 08:54:00,2023-05-20 06:16:39,2023-05-21 22:52:02,2023-05-29 19:19:00,2023-06-05 02:12:28,2023-06-08 03:09:33,False,2023-06-10 23:20:01,2023-06-19 19:58:53
82,East,3,2023-04-07 11:28:00,2023-04-09 09:10:30,2023-04-11 08:06:30,2023-04-15 17:14:34,2023-04-17 10:41:52,2023-04-19 09:38:08,False,2023-04-24 18:53:35,2023-05-03 13:43:19
94,North,3,2023-02-24 08:25:00,2023-02-26 13:29:26,2023-03-02 02:48:56,2023-03-04 19:36:03,2023-03-11 20:25:15,2023-03-15 02:50:36,False,2023-03-17 05:47:06,2023-04-01 17:34:17
77,North,2,2023-07-18 10:36:00,2023-07-22 07:07:15,2023-07-24 08:11:55,2023-07-29 04:40:43,2023-08-01 21:49:13,2023-08-05 18:43:45,False,2023-08-11 02:58:22,2023-08-28 12:12:28
32,East,3,2023-06-15 12:20:00,2023-06-18 04:08:10,2023-06-21 07:13:16,2023-06-27 14:25:46,2023-07-02 14:39:14,2023-07-04 14:40:19,False,2023-07-09 05:58:15,2023-07-23 10:41:48
69,East,2,2023-01-11 14:01:00,2023-01-13 19:47:09,2023-01-15 10:21:18,2023-01-22 08:44:36,2023-01-27 23:46:46,2023-01-29 15:57:21,False,2023-02-02 16:32:01,2023-02-14 00:14:26
59,West,3,2022-09-11 14:32:00,2022-09-13 15:08:19,2022-09-15 10:40:44,2022-09-19 04:33:57,2022-09-20 05:42:18,2022-09-23 06:05:52,False,2022-09-25 13:40:16,2022-09-27 04:08:38
67,East,2,2022-11-20 14:40:00,2022-11-21 19:49:06,2022-11-23 20:30:47,2022-12-01 01:45:43,2022-12-04 08:49:35,2022-12-06 01:53:45,False,2022-12-12 04:12:46,2022-12-23 22:02:05
44,North,3,2023-03-17 11:48:00,2023-03-20 01:14:25,2023-03-23 19:03:38,2023-03-25 13:14:09,2023-04-01 15:29:26,2023-04-03 15:05:07,False,2023-04-09 17:38:56,2023-04-15 22:06:42
52,West,3,2023-07-09 11:13:00,2023-07-11 10:15:13,2023-07-13 19:20:31,2023-07-16 21:16:47,2023-07-24 18:09:18,2023-07-26 06:08:40,False,2023-07-29 02:10:53,2023-08-12 00:26:22
16,East,2,2023-04-04 14:31:00,2023-04-07 17:01:15,2023-04-11 15:22:05,2023-04-14 14:31:30,2023-04-17 13:21:13,2023-04-21 05:18:24,False,2023-04-25 13:20:06,2023-05-08 13:35:35
36,North,2,2022-11-10 12:37:00,2022-11-13 19:48:52,2022-11-17 06:26:29,2022-11-18 20:21:36,2022-11-25 08:37:07,2022-11-26 10:31:31,False,2022-12-03 08:43:33,2022-12-06 23:33:16
3,North,2,2022-08-01 10:17:00,2022-08-05 09:27:28,2022-08-06 22:38:32,2022-08-08 05:58:11,2022-08-15 01:20:46,2022-08-18 12:23:53,False,2022-08-19 13:05:56,2022-08-23 22:50:07
68,South,1,2022-09-07 12:26:00,2022-09-09 16:13:44,2022-09-12 15:47:02,2022-09-16 07:25:36,2022-09-19 03:53:17,2022-09-20 14:14:36,False,2022-09-25 04:29:18,2022-10-01 16:05:46
91,North,2,2022-11-22 09:46:00,2022-11-24 08:54:12,2022-11-27 11:26:04,2022-11-30 21:32:40,2022-12-05 03:45:10,2022-12-06 19:26:43,False,2022-12-11 22:32:11,2022-12-13 02:04:38
84,West,3,2022-10-13 08:15:00,2022-10-17 04:16:56,2022-10-20 04:27:50,2022-10-26 00:59:35,2022-10-28 12:56:31,2022-10-29 23:42:50,False,2022-10-31 14:05:32,2022-11-07 06:09:53
18,East,1,2023-01-04 08:48:00,2023-01-06 06:18:28,2023-01-09 10:56:33,2023-01-11 23:20:42,2023-01-15 11:42:37,2023-01-16 13:31:11,False,2023-01-19 08:15:01,2023-01-23 10:25:33
97,North,2,2023-01-19 12:31:00,2023-01-23 05:42:22,2023-01-24 13:45:11,2023-01-29 06:58:33,2023-02-04 18:35:33,2023-02-06 05:55:16,False,2023-02-12 00:37:35,2023-02-21 06:11:26
92,South,3,2022-08-14 13:11:00,2022-08-17 22:22:18,2022-08-20 17:22:17,2022-08-28 01:52:12,2022-09-02 10:35:50,2022-09-04 12:58:42,False,2022-09-07 18:05:07,2022-09-13 18:19:18
15,South,1,2023-05-15 15:12:00,2023-05-17 05:08:40,2023-05-20 03:39:20,2023-05-24 16:51:21,2023-05-26 02:44:26,2023-05-29 03:49:23,False,2023-06-05 04:03:52,2023-06-13 22:39:09
33,South,2,2022-08-26 09:37:00,2022-08-27 17:26:19,2022-08-30 15:54:33,2022-09-03 15:05:07,2022-09-06 12:33:33,2022-09-08 13:39:00,False,2022-09-10 06:43:23,2022-09-24 13:03:33
72,South,3,2023-06-29 16:46:00,2023-07-02 07:04:10,2023-07-06 00:42:44,2023-07-11 16:48:12,2023-07-18 03:09:50,2023-07-21 18:23:52,False,2023-07-28 16:49:43,2023-08-12 14:37:30
4,South,2,2022-10-06 14:06:00,2022-10-10 05:01:54,2022-10-13 03:45:09,2022-10-18 04:41:35,2022-10-24 02:54:57,2022-10-26 03:31:47,False,2022-11-02 02:19:58,2022-11-08 08:45:18
53,West,1,2023-07-02 08:50:00,2023-07-04 09:53:45,2023-07-06 16:07:06,2023-07-14 06:56:49,2023-07-18 22:29:09,2023-07-21 13:17:34,False,2023-07-23 21:36:20,2023-08-09 06:44:33
57,East,2,2023-05-02 08:23:00,2023-05-03 08:26:40,2023-05-07 03:38:35,2023-05-15 09:43:48,2023-05-19 15:05:07,2023-05-22 02:26:48,False,2023-05-24 11:23:18,2023-05-27 07:30:45
23,East,1,2023-03-14 10:23:00,2023-03-16 18:47:23,2023-03-18 12:18:03,2023-03-24 23:16:36,2023-03-29 16:32:52,2023-04-02 15:31:20,False,2023-04-08 18:01:14,2023-04-18 12:57:56
71,West,2,2022-10-10 15:52:00,2022-10-14 09:02:19,2022-10-15 21:45:09,2022-10-22 15:02:02,2022-10-24 01:54:35,2022-10-26 06:43:50,False,2022-10-30 15:29:02,2022-11-08 06:05:52
59,West,3,2022-12-15 10:14:00,2022-12-16 17:34:44,2022-12-17 19:08:51,2022-12-22 21:53:08,2022-12-27 06:35:36,2022-12-30 10:19:07,False,2023-01-05 15:25:19,2023-01-14 15:13:43
4,West,2,2022-12-02 11:00:00,2022-12-03 20:22:21,2022-12-05 14:25:42,2022-12-07 10:58:34,2022-12-12 09:09:38,2022-12-15 16:52:55,False,2022-12-23 10:10:59,2022-12-28 18:28:05
22,West,1,2023-03-17 16:59:00,2023-03-20 18:14:08,2023-03-23 05:52:51,2023-03-25 05:02:48,2023-03-27 23:57:15,2023-03-29 15:17:58,False,2023-03-31 04:32:32,2023-04-13 05:32:26
23,South,1,2023-05-02 09:55:00,2023-05-05 07:21:57,2023-05-09 05:56:17,2023-05-16 07:15:45,2023-05-21 09:51:38,2023-05-23 16:19:51,True,,
98,East,1,2022-08-17 08:30:00,2022-08-19 09:48:39,2022-08-21 16:35:08,2022-08-22 23:48:33,2022-08-26 00:00:51,2022-08-29 11:25:19,False,2022-09-06 09:13:12,2022-09-19 23:46:10
15,North,1,2023-05-03 10:26:00,2023-05-04 13:46:07,2023-05-06 13:51:36,2023-05-14 06:15:53,2023-05-20 18:40:02,2023-05-23 00:23:41,True,,
6,North,3,2023-03-06 09:27:00,2023-03-10 04:00:01,2023-03-14 01:23:13,2023-03-15 09:45:16,2023-03-21 17:47:59,2023-03-23 11:03:37,False,2023-03-29 18:25:46,2023-04-03 00:11:14
82,West,3,2022-08-27 12:22:00,2022-08-29 02:03:28,2022-08-31 01:42:39,2022-09-01 12:04:37,2022-09-03 10:45:33,2022-09-04 16:58:06,False,2022-09-08 13:19:31,2022-09-18 15:37:30
72,North,3,2023-07-01 16:01:00,2023-07-05 07:57:00,2023-07-06 19:07:29,2023-07-10 19:35:16,2023-07-12 14:44:58,2023-07-14 00:39:46,False,2023-07-15 16:31:12,2023-07-26 09:52:43
42,North,1,2023-01-20 14:02:00,2023-01-24 07:05:23,2023-01-27 02:56:27,2023-02-03 05:32:38,2023-02-07 10:51:57,2023-02-09 17:32:07,False,2023-02-14 22:21:48,2023-02-19 17:35:10
98,North,1,2022-08-10 14:00:00,2022-08-11 17:09:21,2022-08-14 03:46:57,2022-08-21 07:50:17,2022-08-28 01:48:27,2022-08-30 20:27:46,False,2022-09-05 16:56:32,2022-09-15 04:52:40
50,West,1,2023-05-11 15:28:00,2023-05-13 11:33:54,2023-05-17 03:46:58,2023-05-24 03:58:57,2023-05-30 08:44:50,2023-06-03 06:31:25,False,2023-06-09 19:33:16,2023-06-20 15:32:35
48,North,3,2022-09-28 10:01:00,2022-09-30 07:36:46,2022-10-01 13:53:55,2022-10-04 09:39:29,2022-10-06 21:07:18,2022-10-10 02:07:29,False,2022-10-16 07:53:48,2022-11-01 10:34:23
4,North,2,2023-03-29 13:42:00,2023-03-31 18:23:38,2023-04-02 21:49:15,2023-04-08 23:14:13,2023-04-14 07:18:47,2023-04-17 07:50:05,False,2023-04-22 07:40:30,2023-04-27 12:36:53
83,North,1,2023-01-08 13:33:00,2023-01-10 05:00:31,2023-01-11 23:16:51,2023-01-17 03:54:23,2023-01-18 19:59:54,2023-01-20 04:38:47,False,2023-01-21 20:00:27,2023-01-26 05:27:13
25,East,3,2022-10-05 16:46:00,2022-10-07 16:02:59,2022-10-10 23:30:21,2022-10-12 01:18:44,2022-10-15 08:42:05,2022-10-16 21:34:24,True,,
66,East,3,2023-03-31 08:21:00,2023-04-02 06:30:53,2023-04-04 10:33:49,2023-04-09 09:08:37,2023-04-16 03:20:08,2023-04-17 21:35:42,False,2023-04-20 14:29:24,2023-05-02 16:33:19
93,South,3,2022-12-08 10:47:00,2022-12-11 11:57:35,2022-12-14 01:34:03,2022-12-18 06:06:26,2022-12-21 15:20:56,2022-12-22 16:58:45,False,2022-12-25 19:50:41,2023-01-05 13:26:12
1,East,2,2023-01-14 13:02:00,2023-01-16 05:55:08,2023-01-19 01:43:10,2023-01-26 10:22:16,2023-01-29 21:37:49,2023-01-31 06:57:37,False,2023-02-04 21:55:32,2023-02-19 17:03:40
30,East,1,2022-11-15 14:43:00,2022-11-18 20:04:17,2022-11-20 05:23:06,2022-11-25 03:17:26,2022-11-27 18:26:15,2022-12-01 17:54:19,False,2022-12-06 02:11:57,2022-12-08 20:57:31
52,West,3,2023-03-04 09:01:00,2023-03-05 09:12:01,2023-03-07 21:45:33,2023-03-15 01:40:36,2023-03-20 17:52:51,2023-03-22 13:03:34,False,2023-03-26 07:34:09,2023-03-28 07:54:01
54,North,2,2023-04-01 09:05:00,2023-04-04 03:45:19,2023-04-05 14:37:13,2023-04-06 20:51:19,2023-04-13 09:06:39,2023-04-14 10:26:02,False,2023-04-20 07:25:23,2023-04-24 23:33:33
57,South,2,2023-05-09 10:45:00,2023-05-10 14:10:33,2023-05-13 00:54:36,2023-05-21 17:42:19,2023-05-24 23:38:07,2023-05-27 17:56:03,False,2023-06-03 05:56:40,2023-06-12 10:09:54
96,East,2,2022-09-03 15:16:00,2022-09-06 09:03:38,2022-09-09 01:06:17,2022-09-12 05:52:43,2022-09-19 09:57:52,2022-09-21 16:08:01,False,2022-09-26 14:35:52,2022-10-07 04:51:02
23,West,1,2023-04-04 09:05:00,2023-04-08 00:24:40,2023-04-09 15:40:07,2023-04-11 14:09:48,2023-04-13 09:32:58,2023-04-16 11:05:19,False,2023-04-20 03:21:07,2023-04-21 04:38:21
84,East,3,2023-06-17 14:17:00,2023-06-18 21:05:00,2023-06-20 09:35:00,2023-06-28 07:58:46,2023-07-01 11:54:13,2023-07-02 15:43:32,False,2023-07-06 10:10:21,2023-07-08 03:33:54
73,South,1,2023-03-04 15:03:00,2023-03-07 00:46:07,2023-03-08 21:48:58,2023-03-10 07:30:25,2023-03-11 16:37:09,2023-03-13 19:54:26,True,,
15,North,1,2022-08-16 10:43:00,2022-08-19 10:14:26,2022-08-22 14:36:13,2022-08-24 04:23:30,2022-08-26 07:06:48,2022-08-27 15:58:08,False,2022-09-03 06:45:33,2022-09-15 02:09:56
7,South,2,2023-03-20 09:12:00,2023-03-22 01:49:57,2023-03-24 16:52:46,2023-03-27 09:07:15,2023-03-31 18:46:18,2023-04-03 22:41:44,False,2023-04-05 02:10:21,2023-04-11 22:00:14
42,North,1,2022-11-12 15:47:00,2022-11-14 03:28:44,2022-11-17 18:59:37,2022-11-21 05:48:39,2022-11-28 20:00:33,2022-11-30 04:47:22,False,2022-12-02 13:40:42,2022-12-07 20:23:57
10,West,2,2023-04-16 10:44:00,2023-04-20 10:22:41,2023-04-22 11:36:24,2023-04-30 05:31:37,2023-05-04 19:40:56,2023-05-07 02:15:25,False,2023-05-11 07:52:51,2023-05-25 21:38:40
68,South,1,2022-10-18 08:56:00,2022-10-21 09:18:21,2022-10-22 13:11:56,2022-10-27 11:59:36,2022-10-30 21:33:17,2022-11-02 23:35:44,False,2022-11-06 21:00:05,2022-11-08 01:13:09
63,South,3,2022-09-09 16:54:00,2022-09-11 21:53:06,2022-09-13 00:59:18,2022-09-17 05:24:19,2022-09-18 05:36:23,2022-09-22 04:53:59,False,2022-09-29 06:41:23,2022-10-11 21:41:24
74,North,3,2022-10-27 10:15:00,2022-10-29 06:37:34,2022-11-01 08:44:18,2022-11-05 13:54:14,2022-11-07 06:45:52,2022-11-08 19:46:34,False,2022-11-10 15:18:35,2022-11-22 14:12:36
12,West,3,2022-11-13 16:57:00,2022-11-15 14:52:18,2022-11-17 10:19:54,2022-11-24 08:03:54,2022-11-26 17:57:40,2022-11-29 09:56:14,False,2022-12-03 10:45:43,2022-12-08 02:18:28
97,South,2,2023-06-23 15:46:00,2023-06-24 19:06:01,2023-06-26 08:13:03,2023-06-29 16:32:12,2023-07-04 13:28:30,2023-07-06 13:47:40,False,2023-07-14 09:26:11,2023-07-18 09:45:53
45,West,1,2023-03-22 12:44:00,2023-03-23 23:51:56,2023-03-26 08:52:16,2023-03-30 01:07:42,2023-04-02 12:49:34,2023-04-05 07:03:36,False,2023-04-07 00:10:47,2023-04-10 03:03:27
2,South,1,2023-07-19 15:26:00,2023-07-20 16:19:49,2023-07-22 15:32:19,2023-07-28 11:08:35,2023-07-29 14:22:25,2023-07-30 18:57:48,True,,
22,North,1,2023-05-27 16:37:00,2023-05-30 10:34:44,2023-06-02 17:02:17,2023-06-08 18:10:55,2023-06-10 14:22:00,2023-06-13 09:43:19,False,2023-06-15 08:42:24,2023-06-23 20:56:53
19,North,2,2022-10-19 09:35:00,2022-10-21 16:02:41,2022-10-24 06:51:41,2022-10-25 22:43:19,2022-10-31 09:22:27,2022-11-04 04:40:51,False,2022-11-05 22:43:56,2022-11-16 07:51:46
47,West,3,2023-04-03 11:53:00,2023-04-05 17:31:43,2023-04-08 07:52:10,2023-04-15 23:40:23,2023-04-23 20:35:38,2023-04-27 17:14:39,False,2023-05-03 00:02:44,2023-05-14 07:54:36
24,West,1,2023-03-30 08:26:00,2023-04-02 21:14:47,2023-04-06 12:39:32,2023-04-13 16:19:43,2023-04-18 23:17:45,2023-04-21 19:12:14,False,2023-04-23 10:32:59,2023-04-26 22:09:59
52,South,3,2023-02-16 11:03:00,2023-02-18 05:25:51,2023-02-21 00:09:27,2023-02-25 07:10:56,2023-03-02 20:50:36,2023-03-06 13:35:35,False,2023-03-09 16:15:27,2023-03-11 13:48:09
99,West,1,2023-06-13 12:25:00,2023-06-17 06:38:31,2023-06-19 20:17:53,2023-06-22 08:21:45,2023-06-29 12:43:14,2023-07-01 03:12:06,False,2023-07-04 14:12:47,2023-07-17 14:23:33
74,East,3,2022-09-12 12:34:00,2022-09-14 06:01:03,2022-09-17 03:51:47,2022-09-18 21:02:51,2022-09-24 00:49:45,2022-09-26 08:40:41,False,2022-10-03 03:28:57,2022-10-05 12:45:17
62,East,1,2022-10-13 09:32:00,2022-10-16 07:18:25,2022-10-20 07:05:48,2022-10-28 06:49:47,2022-10-30 03:41:42,2022-11-02 15:21:41,False,2022-11-04 06:02:42,2022-11-09 21:26:48
12,North,3,2022-09-26 08:43:00,2022-09-27 14:48:25,2022-09-30 16:26:32,2022-10-05 19:23:20,2022-10-10 05:15:38,2022-10-12 01:19:27,False,2022-10-15 06:13:08,2022-10-26 15:35:17
43,South,3,2022-08-16 12:13:00,2022-08-19 23:21:35,2022-08-21 09:40:25,2022-08-28 19:50:47,2022-09-01 13:07:02,2022-09-04 11:41:47,False,2022-09-10 09:12:17,2022-09-20 16:33:44
87,South,3,2022-10-30 10:46:00,2022-11-02 23:35:34,2022-11-05 13:10:42,2022-11-12 06:10:09,2022-11-18 05:49:35,2022-11-21 15:53:32,False,2022-11-25 08:42:02,2022-11-27 22:50:25
26,North,1,2023-07-21 14:11:00,2023-07-23 21:59:13,2023-07-25 01:58:25,2023-07-26 06:46:38,2023-07-27 13:41:02,2023-07-31 09:03:00,False,2023-08-04 02:55:12,2023-08-17 18:18:39
51,North,2,2023-06-03 16:30:00,2023-06-06 08:15:22,2023-06-08 10:11:28,2023-06-15 19:51:07,2023-06-17 23:48:21,2023-06-19 15:56:32,True,,
95,South,3,2022-10-25 15:16:00,2022-10-27 09:22:36,2022-10-28 23:02:30,2022-10-31 18:12:46,2022-11-07 22:31:27,2022-11-11 14:48:27,False,2022-11-15 00:57:26,2022-11-23 21:32:23
84,West,3,2022-10-25 16:33:00,2022-10-28 16:36:43,2022-10-30 20:11:32,2022-11-06 00:39:40,2022-11-12 14:13:26,2022-11-14 19:22:49,False,2022-11-19 10:02:30,2022-11-23 01:12:56
82,North,3,2023-01-18 14:07:00,2023-01-20 05:46:29,2023-01-24 01:13:24,2023-01-30 08:28:58,2023-02-04 11:25:09,2023-02-06 04:26:26,False,2023-02-12 01:50:40,2023-02-19 04:54:30
64,West,1,2023-02-20 14:31:00,2023-02-22 10:15:32,2023-02-23 17:13:21,2023-02-24 23:19:46,2023-03-01 22:24:36,2023-03-03 11:29:03,True,,
99,North,1,2023-05-22 16:36:00,2023-05-24 06:12:55,2023-05-26 06:52:37,2023-06-01 22:26:48,2023-06-04 08:18:09,2023-06-05 12:11:03,False,2023-06-08 10:37:48,2023-06-14 08:15:20
46,South,2,2022-12-14 09:57:00,2022-12-16 05:31:34,2022-12-19 18:30:02,2022-12-24 13:57:00,2023-01-01 11:08:57,2023-01-03 10:34:17,False,2023-01-05 20:15:40,2023-01-17 08:11:27
51,North,2,2023-06-27 14:06:00,2023-06-29 16:31:51,2023-07-02 11:01:22,2023-07-08 09:40:07,2023-07-10 19:29:43,2023-07-13 17:57:49,False,2023-07-19 18:59:57,2023-07-24 12:04:34
71,East,2,2023-07-03 08:53:00,2023-07-05 16:09:52,2023-07-08 08:44:11,2023-07-14 15:38:21,2023-07-17 03:49:48,2023-07-21 00:21:02,False,2023-07-25 07:45:28,2023-07-31 06:23:33
89,East,2,2022-09-14 12:42:00,2022-09-15 20:39:41,2022-09-18 05:15:56,2022-09-23 19:36:53,2022-09-30 21:02:06,2022-10-03 06:44:49,False,2022-10-10 11:24:33,2022-10-24 08:06:00
68,East,1,2022-10-12 10:20:00,2022-10-16 00:38:53,2022-10-18 01:08:31,2022-10-25 16:05:40,2022-10-28 06:25:31,2022-10-30 05:51:06,False,2022-11-01 20:45:15,2022-11-15 12:29:52
22,South,1,2023-07-04 14:13:00,2023-07-06 15:49:57,2023-07-10 06:11:13,2023-07-11 20:17:00,2023-07-13 05:22:04,2023-07-15 00:15:29,False,2023-07-21 20:30:13,2023-08-01 18:00:57
79,East,1,2023-06-26 15:37:00,2023-06-27 20:11:48,2023-06-30 17:28:49,2023-07-04 14:08:59,2023-07-09 05:32:05,2023-07-12 06:06:35,False,2023-07-15 09:40:08,2023-07-23 05:32:43
59,West,3,2022-10-06 09:28:00,2022-10-07 20:41:30,2022-10-11 03:34:59,2022-10-12 12:40:05,2022-10-16 12:24:35,2022-10-18 07:39:11,False,2022-10-23 23:36:23,2022-10-31 20:35:32
50,South,1,2023-06-26 09:59:00,2023-06-28 23:08:57,2023-06-30 15:31:24,2023-07-04 02:58:51,2023-07-06 01:13:59,2023-07-08 16:16:25,False,2023-07-13 22:25:09,2023-07-26 22:55:47
98,West,1,2023-03-25 12:33:00,2023-03-27 11:20:12,2023-03-31 03:36:11,2023-04-06 05:32:25,2023-04-09 19:31:10,2023-04-11 01:57:45,False,2023-04-16 05:30:57,2023-04-19 03:02:17
94,West,3,2023-03-04 09:11:00,2023-03-07 22:07:28,2023-03-09 14:51:45,2023-03-17 00:39:39,2023-03-21 21:32:17,2023-03-24 21:01:41,False,2023-03-31 19:21:43,2023-04-02 10:06:16
13,East,3,2022-10-13 09:20:00,2022-10-15 18:29:27,2022-10-18 05:56:56,2022-10-24 06:10:04,2022-10-31 12:53:28,2022-11-02 08:49:28,False,2022-11-07 02:24:25,2022-11-16 15:11:40
23,South,1,2022-09-07 12:06:00,2022-09-08 22:00:00,2022-09-11 12:20:30,2022-09-16 00:27:20,2022-09-18 15:40:01,2022-09-20 12:11:38,False,2022-09-27 23:45:44,2022-10-05 14:49:10
26,East,1,2023-06-27 12:54:00,2023-06-28 19:39:22,2023-07-01 01:17:53,2023-07-08 19:28:32,2023-07-16 01:41:00,2023-07-17 13:45:15,False,2023-07-21 09:14:55,2023-07-22 23:55:40
58,North,3,2022-11-23 11:25:00,2022-11-26 07:25:06,2022-11-28 15:41:20,2022-12-05 18:35:15,2022-12-08 18:26:30,2022-12-10 15:46:17,False,2022-12-16 15:13:50,2022-12-22 02:20:45
23,West,1,2023-01-26 14:23:00,2023-01-27 14:44:14,2023-01-30 02:49:25,2023-02-06 05:00:25,2023-02-08 06:32:49,2023-02-10 17:31:16,False,2023-02-13 19:46:46,2023-02-20 07:02:01
79,West,1,2022-09-08 12:52:00,2022-09-10 03:20:21,2022-09-12 13:42:54,2022-09-19 20:53:37,2022-09-23 16:44:35,2022-09-25 14:31:44,False,2022-09-30 22:20:13,2022-10-04 07:56:21
60,North,1,2022-08-22 10:23:00,2022-08-23 23:31:42,2022-08-25 17:03:25,2022-08-30 08:48:44,2022-09-05 10:01:49,2022-09-07 08:19:16,False,2022-09-11 20:19:28,2022-09-28 10:55:08
90,East,2,2023-01-10 12:41:00,2023-01-13 04:31:35,2023-01-16 13:01:23,2023-01-25 03:53:12,2023-02-02 02:12:38,2023-02-05 07:07:22,False,2023-02-07 11:11:48,2023-02-19 04:50:32
2,West,1,2023-02-14 13:10:00,2023-02-17 16:47:22,2023-02-21 00:37:41,2023-02-27 03:40:05,2023-03-03 13:37:39,2023-03-07 00:42:36,False,2023-03-10 17:54:50,2023-03-23 14:33:35
91,West,2,2022-09-21 09:43:00,2022-09-23 04:32:21,2022-09-26 05:38:42,2022-09-27 11:53:32,2022-10-04 19:27:53,2022-10-07 17:45:54,False,2022-10-12 22:43:02,2022-10-15 17:39:56
91,West,2,2022-12-23 08:32:00,2022-12-27 05:22:24,2022-12-29 13:46:27,2023-01-02 03:52:00,2023-01-06 14:19:27,2023-01-09 03:04:23,False,2023-01-16 06:01:21,2023-01-28 13:50:14
62,South,1,2023-04-03 14:05:00,2023-04-06 05:01:50,2023-04-09 01:39:13,2023-04-14 18:03:12,2023-04-16 12:36:26,2023-04-18 13:13:52,False,2023-04-23 23:42:22,2023-05-07 12:49:54
86,North,2,2022-12-02 13:30:00,2022-12-05 22:10:19,2022-12-07 10:09:21,2022-12-08 22:18:17,2022-12-10 11:42:27,2022-12-13 22:07:04,False,2022-12-17 16:06:22,2022-12-25 05:02:13
39,West,1,2022-08-02 11:48:00,2022-08-03 21:00:22,2022-08-06 11:33:04,2022-08-09 14:37:56,2022-08-11 06:39:26,2022-08-14 20:54:14,True,,
67,South,2,2023-02-12 08:21:00,2023-02-14 16:59:37,2023-02-17 01:50:06,2023-02-18 20:56:14,2023-02-23 08:35:15,2023-02-27 06:59:09,False,2023-03-01 09:50:31,2023-03-06 12:55:16
70,North,2,2023-06-21 15:13:00,2023-06-24 10:06:52,2023-06-27 00:46:00,2023-06-29 12:11:02,2023-07-03 13:28:48,2023-07-05 17:59:49,False,2023-07-10 06:44:43,2023-07-24 04:52:17
64,North,1,2022-12-19 10:47:00,2022-12-21 22:31:04,2022-12-25 06:10:30,2022-12-31 04:03:36,2023-01-03 13:48:24,2023-01-04 23:30:13,False,2023-01-08 00:11:59,2023-01-18 04:07:44
71,East,2,2023-01-08 12:34:00,2023-01-10 13:00:48,2023-01-12 23:57:43,2023-01-16 05:21:58,2023-01-22 14:11:45,2023-01-26 09:52:49,False,2023-01-31 23:48:45,2023-02-15 02:48:27
75,West,3,2023-01-23 09:41:00,2023-01-25 19:47:04,2023-01-29 10:19:22,2023-02-05 02:49:33,2023-02-06 21:35:20,2023-02-09 00:03:51,False,2023-02-10 01:30:06,2023-02-23 13:19:25
31,North,1,2023-03-29 15:17:00,2023-04-01 14:32:34,2023-04-02 16:46:11,2023-04-08 04:05:06,2023-04-12 05:10:16,2023-04-14 18:06:28,False,2023-04-22 12:25:51,2023-05-03 16:08:49
21,North,1,2022-12-09 13:10:00,2022-12-12 01:51:58,2022-12-15 19:56:09,2022-12-19 22:36:26,2022-12-27 02:04:18,2022-12-30 14:46:26,False,2023-01-05 22:15:58,2023-01-22 19:15:52
6,East,3,2022-09-10 10:14:00,2022-09-14 02:20:15,2022-09-15 15:33:49,2022-09-20 02:09:40,2022-09-27 02:46:10,2022-09-28 21:02:25,False,2022-10-03 05:52:11,2022-10-09 01:43:36
55,West,1,2023-06-20 16:29:00,2023-06-21 18:45:15,2023-06-25 02:55:07,2023-06-30 07:43:24,2023-07-07 23:46:22,2023-07-11 11:19:06,False,2023-07-15 16:28:59,2023-07-30 06:59:06
94,North,3,2022-10-20 16:26:00,2022-10-23 21:37:39,2022-10-27 09:45:11,2022-10-31 15:11:52,2022-11-03 04:53:44,2022-11-06 00:53:56,False,2022-11-11 22:49:41,2022-11-15 08:27:34
54,East,2,2022-08-17 15:17:00,2022-08-20 01:56:23,2022-08-23 05:29:54,2022-08-25 21:30:50,2022-08-29 05:26:05,2022-08-31 09:31:45,False,2022-09-06 23:44:42,2022-09-13 04:24:27
96,South,2,2023-07-15 14:09:00,2023-07-19 04:48:14,2023-07-20 13:15:51,2023-07-22 15:13:17,2023-07-28 19:18:54,2023-07-29 20:49:14,False,2023-08-05 21:36:48,2023-08-19 11:18:59
59,West,3,2022-12-17 14:05:00,2022-12-19 17:21:37,2022-12-21 13:31:42,2022-12-26 12:59:08,2022-12-29 13:21:07,2022-12-30 15:14:04,False,2023-01-04 16:35:15,2023-01-15 23:36:21
29,West,3,2022-08-06 16:21:00,2022-08-10 02:18:05,2022-08-13 16:14:25,2022-08-18 14:31:10,2022-08-20 13:08:50,2022-08-22 00:10:25,False,2022-08-25 13:22:25,2022-09-05 19:14:10
91,South,2,2022-07-28 14:34:00,2022-07-30 01:37:07,2022-07-31 04:16:58,2022-08-03 04:43:28,2022-08-07 19:08:25,2022-08-08 21:39:17,False,2022-08-15 21:19:41,2022-08-27 01:19:36
33,North,2,2022-08-13 14:45:00,2022-08-17 10:18:24,2022-08-21 06:48:22,2022-08-28 03:45:00,2022-09-01 05:56:06,2022-09-02 21:23:22,False,2022-09-09 21:23:26,2022-09-18 05:15:39
30,North,1,2022-12-27 09:33:00,2022-12-30 06:26:05,2022-12-31 15:01:30,2023-01-03 02:35:47,2023-01-10 00:48:46,2023-01-11 04:10:47,True,,
2,South,1,2023-05-31 08:22:00,2023-06-03 14:49:19,2023-06-07 03:29:23,2023-06-11 12:46:01,2023-06-13 03:51:19,2023-06-14 15:26:07,False,2023-06-21 15:17:07,2023-07-05 12:24:31
64,South,1,2023-04-06 12:48:00,2023-04-08 12:34:52,2023-04-09 16:30:02,2023-04-16 09:59:55,2023-04-22 00:56:28,2023-04-24 20:10:28,False,2023-04-26 03:45:13,2023-04-28 03:32:57
93,North,3,2023-05-31 08:08:00,2023-06-02 00:23:29,2023-06-04 10:45:55,2023-06-08 02:31:21,2023-06-10 16:59:21,2023-06-14 13:04:12,False,2023-06-17 08:36:09,2023-06-20 12:59:55
8,East,2,2022-11-01 11:48:00,2022-11-04 22:34:55,2022-11-06 20:54:39,2022-11-08 10:46:18,2022-11-12 15:16:57,2022-11-14 04:14:32,False,2022-11-17 04:26:35,2022-11-24 19:50:20
44,East,3,2022-10-17 15:04:00,2022-10-20 09:58:36,2022-10-23 10:56:32,2022-10-25 01:16:05,2022-10-31 17:15:34,2022-11-03 05:07:21,False,2022-11-10 22:16:19,2022-11-27 19:41:23
1,West,2,2022-10-03 13:05:00,2022-10-07 06:50:39,2022-10-10 11:16:36,2022-10-14 15:12:03,2022-10-15 15:45:21,2022-10-16 16:27:59,False,2022-10-23 22:28:16,2022-11-05 03:15:38
48,East,3,2023-03-11 15:51:00,2023-03-15 12:36:32,2023-03-17 15:33:38,2023-03-22 04:11:39,2023-03-26 07:42:13,2023-03-27 09:36:57,False,2023-04-03 21:18:24,2023-04-11 18:55:55
78,East,3,2023-06-10 14:56:00,2023-06-13 09:42:59,2023-06-16 21:18:51,2023-06-18 01:02:47,2023-06-20 22:35:56,2023-06-23 19:19:25,False,2023-06-27 22:15:11,2023-06-30 05:52:29
38,South,3,2022-09-25 14:41:00,2022-09-26 15:09:05,2022-09-27 19:02:37,2022-10-03 03:09:41,2022-10-09 10:34:26,2022-10-12 03:10:40,False,2022-10-16 03:23:21,2022-10-25 03:05:08
93,West,3,2022-10-12 08:17:00,2022-10-14 17:31:06,2022-10-17 02:17:26,2022-10-18 02:31:22,2022-10-20 01:02:11,2022-10-22 16:16:28,False,2022-10-24 16:09:12,2022-11-04 21:42:46
31,North,1,2022-09-20 08:58:00,2022-09-22 14:19:49,2022-09-26 08:46:36,2022-09-29 13:23:28,2022-10-04 09:18:30,2022-10-05 13:22:09,False,2022-10-06 22:31:33,2022-10-15 06:56:00
70,West,2,2023-01-25 08:13:00,2023-01-27 22:09:35,2023-01-31 10:22:11,2023-02-01 10:56:17,2023-02-06 18:55:29,2023-02-09 09:46:30,True,,
30,North,1,2022-08-11 10:45:00,2022-08-14 20:47:56,2022-08-17 07:29:39,2022-08-23 21:06:40,2022-08-27 16:14:11,2022-08-30 20:54:30,False,2022-09-01 14:52:53,2022-09-04 06:42:34
69,South,2,2022-12-07 15:43:00,2022-12-11 04:00:38,2022-12-14 20:16:22,2022-12-21 01:19:53,2022-12-28 21:53:52,2022-12-31 12:03:04,False,2023-01-03 12:17:16,2023-01-05 14:38:53
37,East,1,2022-09-27 12:54:00,2022-09-28 19:41:48,2022-10-02 03:25:50,2022-10-04 22:24:09,2022-10-12 16:58:17,2022-10-15 00:25:13,False,2022-10-22 08:37:54,2022-10-31 19:02:00
96,East,2,2022-08-27 15:33:00,2022-08-30 05:15:49,2022-08-31 17:09:08,2022-09-04 17:22:17,2022-09-07 17:20:17,2022-09-09 23:35:44,False,2022-09-14 13:06:51,2022-09-18 14:24:12
18,South,1,2022-07-22 11:14:00,2022-07-25 07:04:25,2022-07-27 05:31:54,2022-08-03 01:42:24,2022-08-10 12:36:29,2022-08-12 19:54:41,False,2022-08-19 16:40:08,2022-08-31 07:01:40
32,East,3,2023-03-23 08:18:00,2023-03-24 14:03:59,2023-03-27 18:28:55,2023-04-01 16:34:56,2023-04-03 01:16:11,2023-04-05 02:04:54,False,2023-04-11 10:06:20,2023-04-14 02:16:55
58,East,3,2023-04-21 13:05:00,2023-04-23 08:33:04,2023-04-24 23:14:38,2023-04-27 15:42:47,2023-05-01 00:02:32,2023-05-04 00:02:42,False,2023-05-08 18:18:11,2023-05-17 18:41:17
